0, google.com, {"resolved": true, "login": 5, "username": 0, "password": 0, "attempted_logins": 1, "captcha_seen": 0, "error": false}
1, youtube.com, {"resolved": true, "login": 5, "username": 0, "password": 0, "attempted_logins": 1, "captcha_seen": 0, "error": false}
0, google.com, {"resolved": true, "login": 5, "username": 0, "password": 0, "attempted_logins": 1, "captcha_seen": 0, "error": false}
1, youtube.com, {"resolved": true, "login": 5, "username": 0, "password": 0, "attempted_logins": 1, "captcha_seen": 0, "error": false}
2, facebook.com, {"resolved": true, "login": 17, "username": 8, "password": 10, "attempted_logins": 4, "captcha_seen": 0, "error": false}
3, netflix.com, {"resolved": true, "login": 4, "username": 13, "password": 10, "attempted_logins": 4, "captcha_seen": 0, "error": false}
4, microsoft.com, {"resolved": true, "login": 5, "username": 0, "password": 10, "attempted_logins": 4, "captcha_seen": 0, "error": false}
5, instagram.com, {"resolved": true, "login": 4, "username": 9, "password": 10, "attempted_logins": 4, "captcha_seen": 0, "error": false}
6, twitter.com, {"resolved": true, "login": 5, "username": 0, "password": 0, "attempted_logins": 0, "captcha_seen": 0, "error": false}
7, baidu.com, {"resolved": true, "login": 0, "username": -1, "password": -1, "attempted_logins": -1, "captcha_seen": -1, "error": false}
8, linkedin.com, {"resolved": true, "login": 4, "username": 0, "password": 10, "attempted_logins": 4, "captcha_seen": 0, "error": false}
9, https://en.wikipedia.org/, {"resolved": true, "login": 19, "username": 2, "password": 10, "attempted_logins": 4, "captcha_seen": 0, "error": false}
10, apple.com, {"resolved": true, "login": 0, "username": -1, "password": -1, "attempted_logins": -1, "captcha_seen": -1, "error": false}
11, yahoo.com, {"resolved": true, "login": 5, "username": 0, "password": 0, "attempted_logins": 1, "captcha_seen": 1, "error": false}
12, bilibili.com, {"resolved": true, "login": 0, "username": -1, "password": -1, "attempted_logins": -1, "captcha_seen": -1, "error": false}
13, qq.com, {"resolved": true, "login": 0, "username": -1, "password": -1, "attempted_logins": -1, "captcha_seen": -1, "error": false}
14, amazon.com, {"resolved": true, "login": 13, "username": 13, "password": 10, "attempted_logins": -1, "captcha_seen": -1, "error": true}
15, live.com, {"resolved": true, "login": 5, "username": 0, "password": 10, "attempted_logins": 4, "captcha_seen": 0, "error": false}
16, netflix.net, {"resolved": true, "login": 0, "username": -1, "password": -1, "attempted_logins": -1, "captcha_seen": -1, "error": false}
17, googletagmanager.com, {"resolved": true, "login": 0, "username": -1, "password": -1, "attempted_logins": -1, "captcha_seen": -1, "error": false}
18, wordpress.org, {"resolved": true, "login": 17, "username": 0, "password": 0, "attempted_logins": 1, "captcha_seen": 0, "error": false}
19, whatsapp.com, {"resolved": true, "login": 0, "username": -1, "password": -1, "attempted_logins": -1, "captcha_seen": -1, "error": false}
20, https://gitlab.com/users/sign_in, {"resolved": true, "login": 0, "username": -1, "password": -1, "attempted_logins": -1, "captcha_seen": -1, "error": false}
21, https://www.reddit.com/login/, {"resolved": true, "login": 27, "username": 9, "password": 10, "attempted_logins": 4, "captcha_seen": 0, "error": false}
22, bing.com, {"resolved": true, "login": 5, "username": 0, "password": 0, "attempted_logins": 0, "captcha_seen": 0, "error": false}
23, pinterest.com, {"resolved": true, "login": 19, "username": 17, "password": 10, "attempted_logins": 4, "captcha_seen": 0, "error": false}
24, youtu.be, {"resolved": false, "login": -1, "username": -1, "password": -1, "attempted_logins": -1, "captcha_seen": -1, "error": false}
25, zhihu.com, {"resolved": true, "login": 4, "username": 9, "password": 0, "attempted_logins": 4, "captcha_seen": 0, "error": false}
26, office.com, {"resolved": true, "login": 5, "username": 0, "password": 10, "attempted_logins": 4, "captcha_seen": 0, "error": false}
27, vimeo.com, {"resolved": true, "login": 3, "username": 17, "password": 10, "attempted_logins": 4, "captcha_seen": 0, "error": false}
28, microsoftonline.com, {"resolved": false, "login": -1, "username": -1, "password": -1, "attempted_logins": -1, "captcha_seen": -1, "error": false}
29, adobe.com, {"resolved": true, "login": 0, "username": -1, "password": -1, "attempted_logins": -1, "captcha_seen": -1, "error": false}
30, windowsupdate.com, {"resolved": true, "login": 5, "username": 0, "password": 10, "attempted_logins": 4, "captcha_seen": 0, "error": false}
31, wordpress.com, {"resolved": true, "login": 3, "username": 2, "password": 2, "attempted_logins": -1, "captcha_seen": -1, "error": true}
32, zoom.us, {"resolved": true, "login": 2, "username": 17, "password": 10, "attempted_logins": 4, "captcha_seen": 0, "error": false}
33, taobao.com, {"resolved": true, "login": 0, "username": -1, "password": -1, "attempted_logins": -1, "captcha_seen": -1, "error": false}
34, goo.gl, {"resolved": true, "login": 0, "username": -1, "password": -1, "attempted_logins": -1, "captcha_seen": -1, "error": false}
35, chaturbate.com, {"resolved": true, "login": 0, "username": -1, "password": -1, "attempted_logins": -1, "captcha_seen": -1, "error": false}
36, doubleclick.net, {"resolved": true, "login": 0, "username": -1, "password": -1, "attempted_logins": -1, "captcha_seen": -1, "error": false}
37, weibo.com, {"resolved": true, "login": 4, "username": 9, "password": 0, "attempted_logins": -1, "captcha_seen": -1, "error": true}
38, google.com.hk, {"resolved": true, "login": 5, "username": 0, "password": 0, "attempted_logins": 1, "captcha_seen": 0, "error": false}
39, bit.ly, {"resolved": true, "login": 3, "username": 0, "password": 0, "attempted_logins": 1, "captcha_seen": 0, "error": false}
40, vk.com, {"resolved": true, "login": 4, "username": 8, "password": 0, "attempted_logins": -1, "captcha_seen": -1, "error": true}
41, csdn.net, {"resolved": true, "login": 0, "username": -1, "password": -1, "attempted_logins": -1, "captcha_seen": -1, "error": false}
42, sina.com.cn, {"resolved": true, "login": 0, "username": -1, "password": -1, "attempted_logins": -1, "captcha_seen": -1, "error": false}
43, blogspot.com, {"resolved": true, "login": 5, "username": 0, "password": 0, "attempted_logins": 1, "captcha_seen": 0, "error": false}
44, msn.com, {"resolved": true, "login": 5, "username": 0, "password": 10, "attempted_logins": 4, "captcha_seen": 0, "error": false}
45, mozilla.org, {"resolved": true, "login": 4, "username": 17, "password": 0, "attempted_logins": 4, "captcha_seen": 0, "error": false}
46, t.co, {"resolved": true, "login": 0, "username": -1, "password": -1, "attempted_logins": -1, "captcha_seen": -1, "error": false}
47, googleusercontent.com, {"resolved": true, "login": 0, "username": -1, "password": -1, "attempted_logins": -1, "captcha_seen": -1, "error": false}
48, sohu.com, {"resolved": true, "login": 0, "username": -1, "password": -1, "attempted_logins": -1, "captcha_seen": -1, "error": false}
49, tumblr.com, {"resolved": true, "login": 19, "username": 13, "password": 10, "attempted_logins": 4, "captcha_seen": 0, "error": false}
50, paypal.com, {"resolved": true, "login": 17, "username": 17, "password": 10, "attempted_logins": -1, "captcha_seen": -1, "error": true}
51, macromedia.com, {"resolved": true, "login": 0, "username": -1, "password": -1, "attempted_logins": -1, "captcha_seen": -1, "error": false}
52, nytimes.com, {"resolved": true, "login": 0, "username": -1, "password": -1, "attempted_logins": -1, "captcha_seen": -1, "error": false}
53, 163.com, {"resolved": false, "login": -1, "username": -1, "password": -1, "attempted_logins": -1, "captcha_seen": -1, "error": false}
54, jd.com, {"resolved": false, "login": -1, "username": -1, "password": -1, "attempted_logins": -1, "captcha_seen": -1, "error": false}
55, tmall.com, {"resolved": false, "login": -1, "username": -1, "password": -1, "attempted_logins": -1, "captcha_seen": -1, "error": false}
56, consortiumeducation.com, {"resolved": false, "login": -1, "username": -1, "password": -1, "attempted_logins": -1, "captcha_seen": -1, "error": false}
57, tiktok.com, {"resolved": false, "login": -1, "username": -1, "password": -1, "attempted_logins": -1, "captcha_seen": -1, "error": false}
58, nih.gov, {"resolved": false, "login": -1, "username": -1, "password": -1, "attempted_logins": -1, "captcha_seen": -1, "error": false}
59, yandex.ru, {"resolved": false, "login": -1, "username": -1, "password": -1, "attempted_logins": -1, "captcha_seen": -1, "error": false}
60, skype.com, {"resolved": false, "login": -1, "username": -1, "password": -1, "attempted_logins": -1, "captcha_seen": -1, "error": false}
61, xvideos.com, {"resolved": false, "login": -1, "username": -1, "password": -1, "attempted_logins": -1, "captcha_seen": -1, "error": false}
62, europa.eu, {"resolved": false, "login": -1, "username": -1, "password": -1, "attempted_logins": -1, "captcha_seen": -1, "error": false}
63, google-analytics.com, {"resolved": false, "login": -1, "username": -1, "password": -1, "attempted_logins": -1, "captcha_seen": -1, "error": false}
64, stackoverflow.com, {"resolved": false, "login": -1, "username": -1, "password": -1, "attempted_logins": -1, "captcha_seen": -1, "error": false}
65, spotify.com, {"resolved": false, "login": -1, "username": -1, "password": -1, "attempted_logins": -1, "captcha_seen": -1, "error": false}
66, flickr.com, {"resolved": false, "login": -1, "username": -1, "password": -1, "attempted_logins": -1, "captcha_seen": -1, "error": false}
67, canva.com, {"resolved": false, "login": -1, "username": -1, "password": -1, "attempted_logins": -1, "captcha_seen": -1, "error": false}
68, medium.com, {"resolved": false, "login": -1, "username": -1, "password": -1, "attempted_logins": -1, "captcha_seen": -1, "error": false}
69, office365.com, {"resolved": false, "login": -1, "username": -1, "password": -1, "attempted_logins": -1, "captcha_seen": -1, "error": false}
70, pornhub.com, {"resolved": false, "login": -1, "username": -1, "password": -1, "attempted_logins": -1, "captcha_seen": -1, "error": false}
71, gravatar.com, {"resolved": false, "login": -1, "username": -1, "password": -1, "attempted_logins": -1, "captcha_seen": -1, "error": false}
72, imdb.com, {"resolved": false, "login": -1, "username": -1, "password": -1, "attempted_logins": -1, "captcha_seen": -1, "error": false}
73, cnn.com, {"resolved": false, "login": -1, "username": -1, "password": -1, "attempted_logins": -1, "captcha_seen": -1, "error": false}
74, lencr.org, {"resolved": false, "login": -1, "username": -1, "password": -1, "attempted_logins": -1, "captcha_seen": -1, "error": false}
75, naver.com, {"resolved": false, "login": -1, "username": -1, "password": -1, "attempted_logins": -1, "captcha_seen": -1, "error": false}
76, dropbox.com, {"resolved": false, "login": -1, "username": -1, "password": -1, "attempted_logins": -1, "captcha_seen": -1, "error": false}
77, soundcloud.com, {"resolved": false, "login": -1, "username": -1, "password": -1, "attempted_logins": -1, "captcha_seen": -1, "error": false}
78, akadns.net, {"resolved": false, "login": -1, "username": -1, "password": -1, "attempted_logins": -1, "captcha_seen": -1, "error": false}
79, yahoo.co.jp, {"resolved": false, "login": -1, "username": -1, "password": -1, "attempted_logins": -1, "captcha_seen": -1, "error": false}
80, twitch.tv, {"resolved": false, "login": -1, "username": -1, "password": -1, "attempted_logins": -1, "captcha_seen": -1, "error": false}
81, amazon.in, {"resolved": false, "login": -1, "username": -1, "password": -1, "attempted_logins": -1, "captcha_seen": -1, "error": false}
82, myshopify.com, {"resolved": false, "login": -1, "username": -1, "password": -1, "attempted_logins": -1, "captcha_seen": -1, "error": false}
83, t.me, {"resolved": false, "login": -1, "username": -1, "password": -1, "attempted_logins": -1, "captcha_seen": -1, "error": false}
84, ebay.com, {"resolved": false, "login": -1, "username": -1, "password": -1, "attempted_logins": -1, "captcha_seen": -1, "error": false}
85, bbc.com, {"resolved": false, "login": -1, "username": -1, "password": -1, "attempted_logins": -1, "captcha_seen": -1, "error": false}
86, aliexpress.com, {"resolved": false, "login": -1, "username": -1, "password": -1, "attempted_logins": -1, "captcha_seen": -1, "error": false}
87, apache.org, {"resolved": false, "login": -1, "username": -1, "password": -1, "attempted_logins": -1, "captcha_seen": -1, "error": false}
88, icloud.com, {"resolved": false, "login": -1, "username": -1, "password": -1, "attempted_logins": -1, "captcha_seen": -1, "error": false}
89, forbes.com, {"resolved": false, "login": -1, "username": -1, "password": -1, "attempted_logins": -1, "captcha_seen": -1, "error": false}
90, cloudflare.com, {"resolved": false, "login": -1, "username": -1, "password": -1, "attempted_logins": -1, "captcha_seen": -1, "error": false}
91, theguardian.com, {"resolved": false, "login": -1, "username": -1, "password": -1, "attempted_logins": -1, "captcha_seen": -1, "error": false}
92, fandom.com, {"resolved": false, "login": -1, "username": -1, "password": -1, "attempted_logins": -1, "captcha_seen": -1, "error": false}
93, archive.org, {"resolved": false, "login": -1, "username": -1, "password": -1, "attempted_logins": -1, "captcha_seen": -1, "error": false}
94, 1688.com, {"resolved": false, "login": -1, "username": -1, "password": -1, "attempted_logins": -1, "captcha_seen": -1, "error": false}
95, mail.ru, {"resolved": false, "login": -1, "username": -1, "password": -1, "attempted_logins": -1, "captcha_seen": -1, "error": false}
96, quora.com, {"resolved": false, "login": -1, "username": -1, "password": -1, "attempted_logins": -1, "captcha_seen": -1, "error": false}
97, douban.com, {"resolved": false, "login": -1, "username": -1, "password": -1, "attempted_logins": -1, "captcha_seen": -1, "error": false}
98, w3.org, {"resolved": false, "login": -1, "username": -1, "password": -1, "attempted_logins": -1, "captcha_seen": -1, "error": false}
99, bbc.co.uk, {"resolved": false, "login": -1, "username": -1, "password": -1, "attempted_logins": -1, "captcha_seen": -1, "error": false}
100, aparat.com, {"resolved": false, "login": -1, "username": -1, "password": -1, "attempted_logins": -1, "captcha_seen": -1, "error": false}
101, github.io, {"resolved": false, "login": -1, "username": -1, "password": -1, "attempted_logins": -1, "captcha_seen": -1, "error": false}
102, akamaiedge.net, {"resolved": false, "login": -1, "username": -1, "password": -1, "attempted_logins": -1, "captcha_seen": -1, "error": false}
103, digicert.com, {"resolved": false, "login": -1, "username": -1, "password": -1, "attempted_logins": -1, "captcha_seen": -1, "error": false}
104, sourceforge.net, {"resolved": false, "login": -1, "username": -1, "password": -1, "attempted_logins": -1, "captcha_seen": -1, "error": false}
105, sharepoint.com, {"resolved": false, "login": -1, "username": -1, "password": -1, "attempted_logins": -1, "captcha_seen": -1, "error": false}
106, forms.gle, {"resolved": false, "login": -1, "username": -1, "password": -1, "attempted_logins": -1, "captcha_seen": -1, "error": false}
107, cnblogs.com, {"resolved": false, "login": -1, "username": -1, "password": -1, "attempted_logins": -1, "captcha_seen": -1, "error": false}
108, xhamster.com, {"resolved": false, "login": -1, "username": -1, "password": -1, "attempted_logins": -1, "captcha_seen": -1, "error": false}
109, etsy.com, {"resolved": false, "login": -1, "username": -1, "password": -1, "attempted_logins": -1, "captcha_seen": -1, "error": false}
110, sciencedirect.com, {"resolved": false, "login": -1, "username": -1, "password": -1, "attempted_logins": -1, "captcha_seen": -1, "error": false}
111, google.co.in, {"resolved": false, "login": -1, "username": -1, "password": -1, "attempted_logins": -1, "captcha_seen": -1, "error": false}
112, office.net, {"resolved": false, "login": -1, "username": -1, "password": -1, "attempted_logins": -1, "captcha_seen": -1, "error": false}
113, miit.gov.cn, {"resolved": false, "login": -1, "username": -1, "password": -1, "attempted_logins": -1, "captcha_seen": -1, "error": false}
114, bongacams.com, {"resolved": false, "login": -1, "username": -1, "password": -1, "attempted_logins": -1, "captcha_seen": -1, "error": false}
115, outlook.com, {"resolved": false, "login": -1, "username": -1, "password": -1, "attempted_logins": -1, "captcha_seen": -1, "error": false}
116, okezone.com, {"resolved": false, "login": -1, "username": -1, "password": -1, "attempted_logins": -1, "captcha_seen": -1, "error": false}
117, creativecommons.org, {"resolved": false, "login": -1, "username": -1, "password": -1, "attempted_logins": -1, "captcha_seen": -1, "error": false}
118, who.int, {"resolved": false, "login": -1, "username": -1, "password": -1, "attempted_logins": -1, "captcha_seen": -1, "error": false}
119, aaplimg.com, {"resolved": false, "login": -1, "username": -1, "password": -1, "attempted_logins": -1, "captcha_seen": -1, "error": false}
120, issuu.com, {"resolved": false, "login": -1, "username": -1, "password": -1, "attempted_logins": -1, "captcha_seen": -1, "error": false}
121, reuters.com, {"resolved": false, "login": -1, "username": -1, "password": -1, "attempted_logins": -1, "captcha_seen": -1, "error": false}
122, indeed.com, {"resolved": false, "login": -1, "username": -1, "password": -1, "attempted_logins": -1, "captcha_seen": -1, "error": false}
123, weebly.com, {"resolved": false, "login": -1, "username": -1, "password": -1, "attempted_logins": -1, "captcha_seen": -1, "error": false}
124, 360.cn, {"resolved": false, "login": -1, "username": -1, "password": -1, "attempted_logins": -1, "captcha_seen": -1, "error": false}
125, duckduckgo.com, {"resolved": false, "login": -1, "username": -1, "password": -1, "attempted_logins": -1, "captcha_seen": -1, "error": false}
126, imgur.com, {"resolved": false, "login": -1, "username": -1, "password": -1, "attempted_logins": -1, "captcha_seen": -1, "error": false}
127, discord.com, {"resolved": false, "login": -1, "username": -1, "password": -1, "attempted_logins": -1, "captcha_seen": -1, "error": false}
128, researchgate.net, {"resolved": false, "login": -1, "username": -1, "password": -1, "attempted_logins": -1, "captcha_seen": -1, "error": false}
129, washingtonpost.com, {"resolved": false, "login": -1, "username": -1, "password": -1, "attempted_logins": -1, "captcha_seen": -1, "error": false}
130, wixsite.com, {"resolved": false, "login": -1, "username": -1, "password": -1, "attempted_logins": -1, "captcha_seen": -1, "error": false}
131, cdc.gov, {"resolved": false, "login": -1, "username": -1, "password": -1, "attempted_logins": -1, "captcha_seen": -1, "error": false}
132, alipay.com, {"resolved": false, "login": -1, "username": -1, "password": -1, "attempted_logins": -1, "captcha_seen": -1, "error": false}
133, windows.net, {"resolved": false, "login": -1, "username": -1, "password": -1, "attempted_logins": -1, "captcha_seen": -1, "error": false}
134, telegram.org, {"resolved": false, "login": -1, "username": -1, "password": -1, "attempted_logins": -1, "captcha_seen": -1, "error": false}
135, blogger.com, {"resolved": false, "login": -1, "username": -1, "password": -1, "attempted_logins": -1, "captcha_seen": -1, "error": false}
136, amazon.co.uk, {"resolved": false, "login": -1, "username": -1, "password": -1, "attempted_logins": -1, "captcha_seen": -1, "error": false}
137, pikiran-rakyat.com, {"resolved": false, "login": -1, "username": -1, "password": -1, "attempted_logins": -1, "captcha_seen": -1, "error": false}
138, spankbang.com, {"resolved": false, "login": -1, "username": -1, "password": -1, "attempted_logins": -1, "captcha_seen": -1, "error": false}
139, wikimedia.org, {"resolved": false, "login": -1, "username": -1, "password": -1, "attempted_logins": -1, "captcha_seen": -1, "error": false}
140, twimg.com, {"resolved": false, "login": -1, "username": -1, "password": -1, "attempted_logins": -1, "captcha_seen": -1, "error": false}
141, oracle.com, {"resolved": false, "login": -1, "username": -1, "password": -1, "attempted_logins": -1, "captcha_seen": -1, "error": false}
142, googlesyndication.com, {"resolved": false, "login": -1, "username": -1, "password": -1, "attempted_logins": -1, "captcha_seen": -1, "error": false}
143, sogou.com, {"resolved": false, "login": -1, "username": -1, "password": -1, "attempted_logins": -1, "captcha_seen": -1, "error": false}
144, dailymail.co.uk, {"resolved": false, "login": -1, "username": -1, "password": -1, "attempted_logins": -1, "captcha_seen": -1, "error": false}
145, google.cn, {"resolved": false, "login": -1, "username": -1, "password": -1, "attempted_logins": -1, "captcha_seen": -1, "error": false}
146, apple-dns.net, {"resolved": false, "login": -1, "username": -1, "password": -1, "attempted_logins": -1, "captcha_seen": -1, "error": false}
147, wsj.com, {"resolved": false, "login": -1, "username": -1, "password": -1, "attempted_logins": -1, "captcha_seen": -1, "error": false}
148, bloomberg.com, {"resolved": false, "login": -1, "username": -1, "password": -1, "attempted_logins": -1, "captcha_seen": -1, "error": false}
149, amazon.co.jp, {"resolved": false, "login": -1, "username": -1, "password": -1, "attempted_logins": -1, "captcha_seen": -1, "error": false}
150, booking.com, {"resolved": false, "login": -1, "username": -1, "password": -1, "attempted_logins": -1, "captcha_seen": -1, "error": false}
151, tinyurl.com, {"resolved": false, "login": -1, "username": -1, "password": -1, "attempted_logins": -1, "captcha_seen": -1, "error": false}
152, youku.com, {"resolved": false, "login": -1, "username": -1, "password": -1, "attempted_logins": -1, "captcha_seen": -1, "error": false}
153, tribunnews.com, {"resolved": false, "login": -1, "username": -1, "password": -1, "attempted_logins": -1, "captcha_seen": -1, "error": false}
154, wix.com, {"resolved": false, "login": -1, "username": -1, "password": -1, "attempted_logins": -1, "captcha_seen": -1, "error": false}
155, googleadservices.com, {"resolved": false, "login": -1, "username": -1, "password": -1, "attempted_logins": -1, "captcha_seen": -1, "error": false}
156, xnxx.com, {"resolved": false, "login": -1, "username": -1, "password": -1, "attempted_logins": -1, "captcha_seen": -1, "error": false}
157, liputan6.com, {"resolved": false, "login": -1, "username": -1, "password": -1, "attempted_logins": -1, "captcha_seen": -1, "error": false}
158, shopify.com, {"resolved": false, "login": -1, "username": -1, "password": -1, "attempted_logins": -1, "captcha_seen": -1, "error": false}
159, harvard.edu, {"resolved": false, "login": -1, "username": -1, "password": -1, "attempted_logins": -1, "captcha_seen": -1, "error": false}
160, opera.com, {"resolved": false, "login": -1, "username": -1, "password": -1, "attempted_logins": -1, "captcha_seen": -1, "error": false}
161, hao123.com, {"resolved": false, "login": -1, "username": -1, "password": -1, "attempted_logins": -1, "captcha_seen": -1, "error": false}
162, ytimg.com, {"resolved": false, "login": -1, "username": -1, "password": -1, "attempted_logins": -1, "captcha_seen": -1, "error": false}
163, wp.com, {"resolved": false, "login": -1, "username": -1, "password": -1, "attempted_logins": -1, "captcha_seen": -1, "error": false}
164, businessinsider.com, {"resolved": false, "login": -1, "username": -1, "password": -1, "attempted_logins": -1, "captcha_seen": -1, "error": false}
165, godaddy.com, {"resolved": false, "login": -1, "username": -1, "password": -1, "attempted_logins": -1, "captcha_seen": -1, "error": false}
166, youtube-nocookie.com, {"resolved": false, "login": -1, "username": -1, "password": -1, "attempted_logins": -1, "captcha_seen": -1, "error": false}
167, wa.me, {"resolved": false, "login": -1, "username": -1, "password": -1, "attempted_logins": -1, "captcha_seen": -1, "error": false}
168, mit.edu, {"resolved": false, "login": -1, "username": -1, "password": -1, "attempted_logins": -1, "captcha_seen": -1, "error": false}
169, slideshare.net, {"resolved": false, "login": -1, "username": -1, "password": -1, "attempted_logins": -1, "captcha_seen": -1, "error": false}
170, aliyun.com, {"resolved": false, "login": -1, "username": -1, "password": -1, "attempted_logins": -1, "captcha_seen": -1, "error": false}
171, ok.ru, {"resolved": false, "login": -1, "username": -1, "password": -1, "attempted_logins": -1, "captcha_seen": -1, "error": false}
172, googlevideo.com, {"resolved": false, "login": -1, "username": -1, "password": -1, "attempted_logins": -1, "captcha_seen": -1, "error": false}
173, alibaba.com, {"resolved": false, "login": -1, "username": -1, "password": -1, "attempted_logins": -1, "captcha_seen": -1, "error": false}
174, flipkart.com, {"resolved": false, "login": -1, "username": -1, "password": -1, "attempted_logins": -1, "captcha_seen": -1, "error": false}
175, wiley.com, {"resolved": false, "login": -1, "username": -1, "password": -1, "attempted_logins": -1, "captcha_seen": -1, "error": false}
176, php.net, {"resolved": false, "login": -1, "username": -1, "password": -1, "attempted_logins": -1, "captcha_seen": -1, "error": false}
177, windows.com, {"resolved": false, "login": -1, "username": -1, "password": -1, "attempted_logins": -1, "captcha_seen": -1, "error": false}
178, behance.net, {"resolved": false, "login": -1, "username": -1, "password": -1, "attempted_logins": -1, "captcha_seen": -1, "error": false}
179, cloudfront.net, {"resolved": false, "login": -1, "username": -1, "password": -1, "attempted_logins": -1, "captcha_seen": -1, "error": false}
180, cnbc.com, {"resolved": false, "login": -1, "username": -1, "password": -1, "attempted_logins": -1, "captcha_seen": -1, "error": false}
181, freepik.com, {"resolved": false, "login": -1, "username": -1, "password": -1, "attempted_logins": -1, "captcha_seen": -1, "error": false}
182, force.com, {"resolved": false, "login": -1, "username": -1, "password": -1, "attempted_logins": -1, "captcha_seen": -1, "error": false}
183, merdeka.com, {"resolved": false, "login": -1, "username": -1, "password": -1, "attempted_logins": -1, "captcha_seen": -1, "error": false}
184, nature.com, {"resolved": false, "login": -1, "username": -1, "password": -1, "attempted_logins": -1, "captcha_seen": -1, "error": false}
185, samsung.com, {"resolved": false, "login": -1, "username": -1, "password": -1, "attempted_logins": -1, "captcha_seen": -1, "error": false}
186, fbcdn.net, {"resolved": false, "login": -1, "username": -1, "password": -1, "attempted_logins": -1, "captcha_seen": -1, "error": false}
187, ibm.com, {"resolved": false, "login": -1, "username": -1, "password": -1, "attempted_logins": -1, "captcha_seen": -1, "error": false}
188, list-manage.com, {"resolved": false, "login": -1, "username": -1, "password": -1, "attempted_logins": -1, "captcha_seen": -1, "error": false}
189, tencent.com, {"resolved": false, "login": -1, "username": -1, "password": -1, "attempted_logins": -1, "captcha_seen": -1, "error": false}
190, go.com, {"resolved": false, "login": -1, "username": -1, "password": -1, "attempted_logins": -1, "captcha_seen": -1, "error": false}
191, pixiv.net, {"resolved": false, "login": -1, "username": -1, "password": -1, "attempted_logins": -1, "captcha_seen": -1, "error": false}
192, coinmarketcap.com, {"resolved": false, "login": -1, "username": -1, "password": -1, "attempted_logins": -1, "captcha_seen": -1, "error": false}
193, jianshu.com, {"resolved": false, "login": -1, "username": -1, "password": -1, "attempted_logins": -1, "captcha_seen": -1, "error": false}
194, springer.com, {"resolved": false, "login": -1, "username": -1, "password": -1, "attempted_logins": -1, "captcha_seen": -1, "error": false}
195, un.org, {"resolved": false, "login": -1, "username": -1, "password": -1, "attempted_logins": -1, "captcha_seen": -1, "error": false}
196, stanford.edu, {"resolved": false, "login": -1, "username": -1, "password": -1, "attempted_logins": -1, "captcha_seen": -1, "error": false}
197, bitly.com, {"resolved": false, "login": -1, "username": -1, "password": -1, "attempted_logins": -1, "captcha_seen": -1, "error": false}
198, hp.com, {"resolved": false, "login": -1, "username": -1, "password": -1, "attempted_logins": -1, "captcha_seen": -1, "error": false}
199, tradingview.com, {"resolved": false, "login": -1, "username": -1, "password": -1, "attempted_logins": -1, "captcha_seen": -1, "error": false}
200, indiatimes.com, {"resolved": false, "login": -1, "username": -1, "password": -1, "attempted_logins": -1, "captcha_seen": -1, "error": false}
201, mediafire.com, {"resolved": false, "login": -1, "username": -1, "password": -1, "attempted_logins": -1, "captcha_seen": -1, "error": false}
202, so.com, {"resolved": false, "login": -1, "username": -1, "password": -1, "attempted_logins": -1, "captcha_seen": -1, "error": false}
203, www.gov.uk, {"resolved": false, "login": -1, "username": -1, "password": -1, "attempted_logins": -1, "captcha_seen": -1, "error": false}
204, walmart.com, {"resolved": false, "login": -1, "username": -1, "password": -1, "attempted_logins": -1, "captcha_seen": -1, "error": false}
205, app-measurement.com, {"resolved": false, "login": -1, "username": -1, "password": -1, "attempted_logins": -1, "captcha_seen": -1, "error": false}
206, fiverr.com, {"resolved": false, "login": -1, "username": -1, "password": -1, "attempted_logins": -1, "captcha_seen": -1, "error": false}
207, trello.com, {"resolved": false, "login": -1, "username": -1, "password": -1, "attempted_logins": -1, "captcha_seen": -1, "error": false}
208, gnu.org, {"resolved": false, "login": -1, "username": -1, "password": -1, "attempted_logins": -1, "captcha_seen": -1, "error": false}
209, grammarly.com, {"resolved": false, "login": -1, "username": -1, "password": -1, "attempted_logins": -1, "captcha_seen": -1, "error": false}
210, fc2.com, {"resolved": false, "login": -1, "username": -1, "password": -1, "attempted_logins": -1, "captcha_seen": -1, "error": false}
211, kumparan.com, {"resolved": false, "login": -1, "username": -1, "password": -1, "attempted_logins": -1, "captcha_seen": -1, "error": false}
212, w3schools.com, {"resolved": false, "login": -1, "username": -1, "password": -1, "attempted_logins": -1, "captcha_seen": -1, "error": false}
213, aol.com, {"resolved": false, "login": -1, "username": -1, "password": -1, "attempted_logins": -1, "captcha_seen": -1, "error": false}
214, unsplash.com, {"resolved": false, "login": -1, "username": -1, "password": -1, "attempted_logins": -1, "captcha_seen": -1, "error": false}
215, usatoday.com, {"resolved": false, "login": -1, "username": -1, "password": -1, "attempted_logins": -1, "captcha_seen": -1, "error": false}
216, binance.com, {"resolved": false, "login": -1, "username": -1, "password": -1, "attempted_logins": -1, "captcha_seen": -1, "error": false}
217, hubspot.com, {"resolved": false, "login": -1, "username": -1, "password": -1, "attempted_logins": -1, "captcha_seen": -1, "error": false}
218, doi.org, {"resolved": false, "login": -1, "username": -1, "password": -1, "attempted_logins": -1, "captcha_seen": -1, "error": false}
219, cnet.com, {"resolved": false, "login": -1, "username": -1, "password": -1, "attempted_logins": -1, "captcha_seen": -1, "error": false}
220, espn.com, {"resolved": false, "login": -1, "username": -1, "password": -1, "attempted_logins": -1, "captcha_seen": -1, "error": false}
221, amazon.de, {"resolved": false, "login": -1, "username": -1, "password": -1, "attempted_logins": -1, "captcha_seen": -1, "error": false}
222, google.de, {"resolved": false, "login": -1, "username": -1, "password": -1, "attempted_logins": -1, "captcha_seen": -1, "error": false}
223, nasa.gov, {"resolved": false, "login": -1, "username": -1, "password": -1, "attempted_logins": -1, "captcha_seen": -1, "error": false}
224, iqiyi.com, {"resolved": false, "login": -1, "username": -1, "password": -1, "attempted_logins": -1, "captcha_seen": -1, "error": false}
225, themeforest.net, {"resolved": false, "login": -1, "username": -1, "password": -1, "attempted_logins": -1, "captcha_seen": -1, "error": false}
226, yelp.com, {"resolved": false, "login": -1, "username": -1, "password": -1, "attempted_logins": -1, "captcha_seen": -1, "error": false}
227, dailymotion.com, {"resolved": false, "login": -1, "username": -1, "password": -1, "attempted_logins": -1, "captcha_seen": -1, "error": false}
228, instructure.com, {"resolved": false, "login": -1, "username": -1, "password": -1, "attempted_logins": -1, "captcha_seen": -1, "error": false}
229, ilovepdf.com, {"resolved": false, "login": -1, "username": -1, "password": -1, "attempted_logins": -1, "captcha_seen": -1, "error": false}
230, nginx.org, {"resolved": false, "login": -1, "username": -1, "password": -1, "attempted_logins": -1, "captcha_seen": -1, "error": false}
231, telegraph.co.uk, {"resolved": false, "login": -1, "username": -1, "password": -1, "attempted_logins": -1, "captcha_seen": -1, "error": false}
232, npr.org, {"resolved": false, "login": -1, "username": -1, "password": -1, "attempted_logins": -1, "captcha_seen": -1, "error": false}
233, weather.com, {"resolved": false, "login": -1, "username": -1, "password": -1, "attempted_logins": -1, "captcha_seen": -1, "error": false}
234, eventbrite.com, {"resolved": false, "login": -1, "username": -1, "password": -1, "attempted_logins": -1, "captcha_seen": -1, "error": false}
235, google.co.uk, {"resolved": false, "login": -1, "username": -1, "password": -1, "attempted_logins": -1, "captcha_seen": -1, "error": false}
236, wetransfer.com, {"resolved": false, "login": -1, "username": -1, "password": -1, "attempted_logins": -1, "captcha_seen": -1, "error": false}
237, gvt1.com, {"resolved": false, "login": -1, "username": -1, "password": -1, "attempted_logins": -1, "captcha_seen": -1, "error": false}
238, surveymonkey.com, {"resolved": false, "login": -1, "username": -1, "password": -1, "attempted_logins": -1, "captcha_seen": -1, "error": false}
239, slack.com, {"resolved": false, "login": -1, "username": -1, "password": -1, "attempted_logins": -1, "captcha_seen": -1, "error": false}
240, line.me, {"resolved": false, "login": -1, "username": -1, "password": -1, "attempted_logins": -1, "captcha_seen": -1, "error": false}
241, kompas.com, {"resolved": false, "login": -1, "username": -1, "password": -1, "attempted_logins": -1, "captcha_seen": -1, "error": false}
242, time.com, {"resolved": false, "login": -1, "username": -1, "password": -1, "attempted_logins": -1, "captcha_seen": -1, "error": false}
243, goodreads.com, {"resolved": false, "login": -1, "username": -1, "password": -1, "attempted_logins": -1, "captcha_seen": -1, "error": false}
244, hupu.com, {"resolved": false, "login": -1, "username": -1, "password": -1, "attempted_logins": -1, "captcha_seen": -1, "error": false}
245, nginx.com, {"resolved": false, "login": -1, "username": -1, "password": -1, "attempted_logins": -1, "captcha_seen": -1, "error": false}
246, stripe.com, {"resolved": false, "login": -1, "username": -1, "password": -1, "attempted_logins": -1, "captcha_seen": -1, "error": false}
247, intuit.com, {"resolved": false, "login": -1, "username": -1, "password": -1, "attempted_logins": -1, "captcha_seen": -1, "error": false}
248, deviantart.com, {"resolved": false, "login": -1, "username": -1, "password": -1, "attempted_logins": -1, "captcha_seen": -1, "error": false}
249, akamai.net, {"resolved": false, "login": -1, "username": -1, "password": -1, "attempted_logins": -1, "captcha_seen": -1, "error": false}
250, deepl.com, {"resolved": false, "login": -1, "username": -1, "password": -1, "attempted_logins": -1, "captcha_seen": -1, "error": false}
251, scribd.com, {"resolved": false, "login": -1, "username": -1, "password": -1, "attempted_logins": -1, "captcha_seen": -1, "error": false}
252, foxnews.com, {"resolved": false, "login": -1, "username": -1, "password": -1, "attempted_logins": -1, "captcha_seen": -1, "error": false}
253, mailchimp.com, {"resolved": false, "login": -1, "username": -1, "password": -1, "attempted_logins": -1, "captcha_seen": -1, "error": false}
254, udemy.com, {"resolved": false, "login": -1, "username": -1, "password": -1, "attempted_logins": -1, "captcha_seen": -1, "error": false}
255, linktr.ee, {"resolved": false, "login": -1, "username": -1, "password": -1, "attempted_logins": -1, "captcha_seen": -1, "error": false}
256, rakuten.co.jp, {"resolved": false, "login": -1, "username": -1, "password": -1, "attempted_logins": -1, "captcha_seen": -1, "error": false}
257, ted.com, {"resolved": false, "login": -1, "username": -1, "password": -1, "attempted_logins": -1, "captcha_seen": -1, "error": false}
258, mega.nz, {"resolved": false, "login": -1, "username": -1, "password": -1, "attempted_logins": -1, "captcha_seen": -1, "error": false}
259, youdao.com, {"resolved": false, "login": -1, "username": -1, "password": -1, "attempted_logins": -1, "captcha_seen": -1, "error": false}
260, realsrv.com, {"resolved": false, "login": -1, "username": -1, "password": -1, "attempted_logins": -1, "captcha_seen": -1, "error": false}
261, steamcommunity.com, {"resolved": false, "login": -1, "username": -1, "password": -1, "attempted_logins": -1, "captcha_seen": -1, "error": false}
262, steampowered.com, {"resolved": false, "login": -1, "username": -1, "password": -1, "attempted_logins": -1, "captcha_seen": -1, "error": false}
263, cpanel.net, {"resolved": false, "login": -1, "username": -1, "password": -1, "attempted_logins": -1, "captcha_seen": -1, "error": false}
264, google.ru, {"resolved": false, "login": -1, "username": -1, "password": -1, "attempted_logins": -1, "captcha_seen": -1, "error": false}
265, zendesk.com, {"resolved": false, "login": -1, "username": -1, "password": -1, "attempted_logins": -1, "captcha_seen": -1, "error": false}
266, tripadvisor.com, {"resolved": false, "login": -1, "username": -1, "password": -1, "attempted_logins": -1, "captcha_seen": -1, "error": false}
267, healthline.com, {"resolved": false, "login": -1, "username": -1, "password": -1, "attempted_logins": -1, "captcha_seen": -1, "error": false}
268, patreon.com, {"resolved": false, "login": -1, "username": -1, "password": -1, "attempted_logins": -1, "captcha_seen": -1, "error": false}
269, detik.com, {"resolved": false, "login": -1, "username": -1, "password": -1, "attempted_logins": -1, "captcha_seen": -1, "error": false}
270, msedge.net, {"resolved": false, "login": -1, "username": -1, "password": -1, "attempted_logins": -1, "captcha_seen": -1, "error": false}
271, google.fr, {"resolved": false, "login": -1, "username": -1, "password": -1, "attempted_logins": -1, "captcha_seen": -1, "error": false}
272, scorecardresearch.com, {"resolved": false, "login": -1, "username": -1, "password": -1, "attempted_logins": -1, "captcha_seen": -1, "error": false}
273, wired.com, {"resolved": false, "login": -1, "username": -1, "password": -1, "attempted_logins": -1, "captcha_seen": -1, "error": false}
274, independent.co.uk, {"resolved": false, "login": -1, "username": -1, "password": -1, "attempted_logins": -1, "captcha_seen": -1, "error": false}
275, google.co.jp, {"resolved": false, "login": -1, "username": -1, "password": -1, "attempted_logins": -1, "captcha_seen": -1, "error": false}
276, addtoany.com, {"resolved": false, "login": -1, "username": -1, "password": -1, "attempted_logins": -1, "captcha_seen": -1, "error": false}
277, pixabay.com, {"resolved": false, "login": -1, "username": -1, "password": -1, "attempted_logins": -1, "captcha_seen": -1, "error": false}
278, myspace.com, {"resolved": false, "login": -1, "username": -1, "password": -1, "attempted_logins": -1, "captcha_seen": -1, "error": false}
279, facebook.net, {"resolved": false, "login": -1, "username": -1, "password": -1, "attempted_logins": -1, "captcha_seen": -1, "error": false}
280, shutterstock.com, {"resolved": false, "login": -1, "username": -1, "password": -1, "attempted_logins": -1, "captcha_seen": -1, "error": false}
281, gvt2.com, {"resolved": false, "login": -1, "username": -1, "password": -1, "attempted_logins": -1, "captcha_seen": -1, "error": false}
282, mysql.com, {"resolved": false, "login": -1, "username": -1, "password": -1, "attempted_logins": -1, "captcha_seen": -1, "error": false}
283, berkeley.edu, {"resolved": false, "login": -1, "username": -1, "password": -1, "attempted_logins": -1, "captcha_seen": -1, "error": false}
284, cpanel.com, {"resolved": false, "login": -1, "username": -1, "password": -1, "attempted_logins": -1, "captcha_seen": -1, "error": false}
285, webmd.com, {"resolved": false, "login": -1, "username": -1, "password": -1, "attempted_logins": -1, "captcha_seen": -1, "error": false}
286, statista.com, {"resolved": false, "login": -1, "username": -1, "password": -1, "attempted_logins": -1, "captcha_seen": -1, "error": false}
287, ca.gov, {"resolved": false, "login": -1, "username": -1, "password": -1, "attempted_logins": -1, "captcha_seen": -1, "error": false}
288, ggpht.com, {"resolved": false, "login": -1, "username": -1, "password": -1, "attempted_logins": -1, "captcha_seen": -1, "error": false}
289, amazon-adsystem.com, {"resolved": false, "login": -1, "username": -1, "password": -1, "attempted_logins": -1, "captcha_seen": -1, "error": false}
290, 3dmgame.com, {"resolved": false, "login": -1, "username": -1, "password": -1, "attempted_logins": -1, "captcha_seen": -1, "error": false}
291, digikala.com, {"resolved": false, "login": -1, "username": -1, "password": -1, "attempted_logins": -1, "captcha_seen": -1, "error": false}
292, speedtest.net, {"resolved": false, "login": -1, "username": -1, "password": -1, "attempted_logins": -1, "captcha_seen": -1, "error": false}
293, squarespace.com, {"resolved": false, "login": -1, "username": -1, "password": -1, "attempted_logins": -1, "captcha_seen": -1, "error": false}
294, livejournal.com, {"resolved": false, "login": -1, "username": -1, "password": -1, "attempted_logins": -1, "captcha_seen": -1, "error": false}
295, varzesh3.com, {"resolved": false, "login": -1, "username": -1, "password": -1, "attempted_logins": -1, "captcha_seen": -1, "error": false}
296, pki.goog, {"resolved": false, "login": -1, "username": -1, "password": -1, "attempted_logins": -1, "captcha_seen": -1, "error": false}
297, huffingtonpost.com, {"resolved": false, "login": -1, "username": -1, "password": -1, "attempted_logins": -1, "captcha_seen": -1, "error": false}
298, ft.com, {"resolved": false, "login": -1, "username": -1, "password": -1, "attempted_logins": -1, "captcha_seen": -1, "error": false}
299, stackexchange.com, {"resolved": false, "login": -1, "username": -1, "password": -1, "attempted_logins": -1, "captcha_seen": -1, "error": false}
300, daum.net, {"resolved": false, "login": -1, "username": -1, "password": -1, "attempted_logins": -1, "captcha_seen": -1, "error": false}
301, latimes.com, {"resolved": false, "login": -1, "username": -1, "password": -1, "attempted_logins": -1, "captcha_seen": -1, "error": false}
302, techcrunch.com, {"resolved": false, "login": -1, "username": -1, "password": -1, "attempted_logins": -1, "captcha_seen": -1, "error": false}
303, zillow.com, {"resolved": false, "login": -1, "username": -1, "password": -1, "attempted_logins": -1, "captcha_seen": -1, "error": false}
304, theverge.com, {"resolved": false, "login": -1, "username": -1, "password": -1, "attempted_logins": -1, "captcha_seen": -1, "error": false}
305, google.ca, {"resolved": false, "login": -1, "username": -1, "password": -1, "attempted_logins": -1, "captcha_seen": -1, "error": false}
306, amzn.to, {"resolved": false, "login": -1, "username": -1, "password": -1, "attempted_logins": -1, "captcha_seen": -1, "error": false}
307, loc.gov, {"resolved": false, "login": -1, "username": -1, "password": -1, "attempted_logins": -1, "captcha_seen": -1, "error": false}
308, salesforce.com, {"resolved": false, "login": -1, "username": -1, "password": -1, "attempted_logins": -1, "captcha_seen": -1, "error": false}
309, roblox.com, {"resolved": false, "login": -1, "username": -1, "password": -1, "attempted_logins": -1, "captcha_seen": -1, "error": false}
310, amazon.ca, {"resolved": false, "login": -1, "username": -1, "password": -1, "attempted_logins": -1, "captcha_seen": -1, "error": false}
311, avito.ru, {"resolved": false, "login": -1, "username": -1, "password": -1, "attempted_logins": -1, "captcha_seen": -1, "error": false}
312, savefrom.net, {"resolved": false, "login": -1, "username": -1, "password": -1, "attempted_logins": -1, "captcha_seen": -1, "error": false}
313, zoho.com, {"resolved": false, "login": -1, "username": -1, "password": -1, "attempted_logins": -1, "captcha_seen": -1, "error": false}
314, nflxso.net, {"resolved": false, "login": -1, "username": -1, "password": -1, "attempted_logins": -1, "captcha_seen": -1, "error": false}
315, chase.com, {"resolved": false, "login": -1, "username": -1, "password": -1, "attempted_logins": -1, "captcha_seen": -1, "error": false}
316, fb.com, {"resolved": false, "login": -1, "username": -1, "password": -1, "attempted_logins": -1, "captcha_seen": -1, "error": false}
317, douyu.com, {"resolved": false, "login": -1, "username": -1, "password": -1, "attempted_logins": -1, "captcha_seen": -1, "error": false}
318, ifeng.com, {"resolved": false, "login": -1, "username": -1, "password": -1, "attempted_logins": -1, "captcha_seen": -1, "error": false}
319, g.page, {"resolved": false, "login": -1, "username": -1, "password": -1, "attempted_logins": -1, "captcha_seen": -1, "error": false}
320, azure.com, {"resolved": false, "login": -1, "username": -1, "password": -1, "attempted_logins": -1, "captcha_seen": -1, "error": false}
321, tandfonline.com, {"resolved": false, "login": -1, "username": -1, "password": -1, "attempted_logins": -1, "captcha_seen": -1, "error": false}
322, addthis.com, {"resolved": false, "login": -1, "username": -1, "password": -1, "attempted_logins": -1, "captcha_seen": -1, "error": false}
323, ikea.com, {"resolved": false, "login": -1, "username": -1, "password": -1, "attempted_logins": -1, "captcha_seen": -1, "error": false}
324, snapchat.com, {"resolved": false, "login": -1, "username": -1, "password": -1, "attempted_logins": -1, "captcha_seen": -1, "error": false}
325, free.fr, {"resolved": false, "login": -1, "username": -1, "password": -1, "attempted_logins": -1, "captcha_seen": -1, "error": false}
326, adnxs.com, {"resolved": false, "login": -1, "username": -1, "password": -1, "attempted_logins": -1, "captcha_seen": -1, "error": false}
327, investopedia.com, {"resolved": false, "login": -1, "username": -1, "password": -1, "attempted_logins": -1, "captcha_seen": -1, "error": false}
328, opendns.com, {"resolved": false, "login": -1, "username": -1, "password": -1, "attempted_logins": -1, "captcha_seen": -1, "error": false}
329, redd.it, {"resolved": false, "login": -1, "username": -1, "password": -1, "attempted_logins": -1, "captcha_seen": -1, "error": false}
330, cambridge.org, {"resolved": false, "login": -1, "username": -1, "password": -1, "attempted_logins": -1, "captcha_seen": -1, "error": false}
331, amazon.it, {"resolved": false, "login": -1, "username": -1, "password": -1, "attempted_logins": -1, "captcha_seen": -1, "error": false}
332, tistory.com, {"resolved": false, "login": -1, "username": -1, "password": -1, "attempted_logins": -1, "captcha_seen": -1, "error": false}
333, upwork.com, {"resolved": false, "login": -1, "username": -1, "password": -1, "attempted_logins": -1, "captcha_seen": -1, "error": false}
334, taboola.com, {"resolved": false, "login": -1, "username": -1, "password": -1, "attempted_logins": -1, "captcha_seen": -1, "error": false}
335, akamaized.net, {"resolved": false, "login": -1, "username": -1, "password": -1, "attempted_logins": -1, "captcha_seen": -1, "error": false}
336, smzdm.com, {"resolved": false, "login": -1, "username": -1, "password": -1, "attempted_logins": -1, "captcha_seen": -1, "error": false}
337, kickstarter.com, {"resolved": false, "login": -1, "username": -1, "password": -1, "attempted_logins": -1, "captcha_seen": -1, "error": false}
338, googletagservices.com, {"resolved": false, "login": -1, "username": -1, "password": -1, "attempted_logins": -1, "captcha_seen": -1, "error": false}
339, nicovideo.jp, {"resolved": false, "login": -1, "username": -1, "password": -1, "attempted_logins": -1, "captcha_seen": -1, "error": false}
340, cornell.edu, {"resolved": false, "login": -1, "username": -1, "password": -1, "attempted_logins": -1, "captcha_seen": -1, "error": false}
341, pexels.com, {"resolved": false, "login": -1, "username": -1, "password": -1, "attempted_logins": -1, "captcha_seen": -1, "error": false}
342, dell.com, {"resolved": false, "login": -1, "username": -1, "password": -1, "attempted_logins": -1, "captcha_seen": -1, "error": false}
343, beian.gov.cn, {"resolved": false, "login": -1, "username": -1, "password": -1, "attempted_logins": -1, "captcha_seen": -1, "error": false}
344, rt.com, {"resolved": false, "login": -1, "username": -1, "password": -1, "attempted_logins": -1, "captcha_seen": -1, "error": false}
345, prnewswire.com, {"resolved": false, "login": -1, "username": -1, "password": -1, "attempted_logins": -1, "captcha_seen": -1, "error": false}
346, huffpost.com, {"resolved": false, "login": -1, "username": -1, "password": -1, "attempted_logins": -1, "captcha_seen": -1, "error": false}
347, debian.org, {"resolved": false, "login": -1, "username": -1, "password": -1, "attempted_logins": -1, "captcha_seen": -1, "error": false}
348, cctv.com, {"resolved": false, "login": -1, "username": -1, "password": -1, "attempted_logins": -1, "captcha_seen": -1, "error": false}
349, google.com.tw, {"resolved": false, "login": -1, "username": -1, "password": -1, "attempted_logins": -1, "captcha_seen": -1, "error": false}
350, xinhuanet.com, {"resolved": false, "login": -1, "username": -1, "password": -1, "attempted_logins": -1, "captcha_seen": -1, "error": false}
351, hotstar.com, {"resolved": false, "login": -1, "username": -1, "password": -1, "attempted_logins": -1, "captcha_seen": -1, "error": false}
352, onlyfans.com, {"resolved": false, "login": -1, "username": -1, "password": -1, "attempted_logins": -1, "captcha_seen": -1, "error": false}
353, safebrowsing.apple, {"resolved": false, "login": -1, "username": -1, "password": -1, "attempted_logins": -1, "captcha_seen": -1, "error": false}
354, theatlantic.com, {"resolved": false, "login": -1, "username": -1, "password": -1, "attempted_logins": -1, "captcha_seen": -1, "error": false}
355, apple.news, {"resolved": false, "login": -1, "username": -1, "password": -1, "attempted_logins": -1, "captcha_seen": -1, "error": false}
356, intel.com, {"resolved": false, "login": -1, "username": -1, "password": -1, "attempted_logins": -1, "captcha_seen": -1, "error": false}
357, nationalgeographic.com, {"resolved": false, "login": -1, "username": -1, "password": -1, "attempted_logins": -1, "captcha_seen": -1, "error": false}
358, huawei.com, {"resolved": false, "login": -1, "username": -1, "password": -1, "attempted_logins": -1, "captcha_seen": -1, "error": false}
359, business.site, {"resolved": false, "login": -1, "username": -1, "password": -1, "attempted_logins": -1, "captcha_seen": -1, "error": false}
360, washington.edu, {"resolved": false, "login": -1, "username": -1, "password": -1, "attempted_logins": -1, "captcha_seen": -1, "error": false}
361, cisco.com, {"resolved": false, "login": -1, "username": -1, "password": -1, "attempted_logins": -1, "captcha_seen": -1, "error": false}
362, android.com, {"resolved": false, "login": -1, "username": -1, "password": -1, "attempted_logins": -1, "captcha_seen": -1, "error": false}
363, nbcnews.com, {"resolved": false, "login": -1, "username": -1, "password": -1, "attempted_logins": -1, "captcha_seen": -1, "error": false}
364, fda.gov, {"resolved": false, "login": -1, "username": -1, "password": -1, "attempted_logins": -1, "captcha_seen": -1, "error": false}
365, academia.edu, {"resolved": false, "login": -1, "username": -1, "password": -1, "attempted_logins": -1, "captcha_seen": -1, "error": false}
366, telewebion.com, {"resolved": false, "login": -1, "username": -1, "password": -1, "attempted_logins": -1, "captcha_seen": -1, "error": false}
367, oup.com, {"resolved": false, "login": -1, "username": -1, "password": -1, "attempted_logins": -1, "captcha_seen": -1, "error": false}
368, trustpilot.com, {"resolved": false, "login": -1, "username": -1, "password": -1, "attempted_logins": -1, "captcha_seen": -1, "error": false}
369, britannica.com, {"resolved": false, "login": -1, "username": -1, "password": -1, "attempted_logins": -1, "captcha_seen": -1, "error": false}
370, craigslist.org, {"resolved": false, "login": -1, "username": -1, "password": -1, "attempted_logins": -1, "captcha_seen": -1, "error": false}
371, cbsnews.com, {"resolved": false, "login": -1, "username": -1, "password": -1, "attempted_logins": -1, "captcha_seen": -1, "error": false}
372, demdex.net, {"resolved": false, "login": -1, "username": -1, "password": -1, "attempted_logins": -1, "captcha_seen": -1, "error": false}
373, ietf.org, {"resolved": false, "login": -1, "username": -1, "password": -1, "attempted_logins": -1, "captcha_seen": -1, "error": false}
374, sitemaps.org, {"resolved": false, "login": -1, "username": -1, "password": -1, "attempted_logins": -1, "captcha_seen": -1, "error": false}
375, fextralife.com, {"resolved": false, "login": -1, "username": -1, "password": -1, "attempted_logins": -1, "captcha_seen": -1, "error": false}
376, padlet.com, {"resolved": false, "login": -1, "username": -1, "password": -1, "attempted_logins": -1, "captcha_seen": -1, "error": false}
377, amazon.fr, {"resolved": false, "login": -1, "username": -1, "password": -1, "attempted_logins": -1, "captcha_seen": -1, "error": false}
378, eastmoney.com, {"resolved": false, "login": -1, "username": -1, "password": -1, "attempted_logins": -1, "captcha_seen": -1, "error": false}
379, feishu.cn, {"resolved": false, "login": -1, "username": -1, "password": -1, "attempted_logins": -1, "captcha_seen": -1, "error": false}
380, pinimg.com, {"resolved": false, "login": -1, "username": -1, "password": -1, "attempted_logins": -1, "captcha_seen": -1, "error": false}
381, buzzfeed.com, {"resolved": false, "login": -1, "username": -1, "password": -1, "attempted_logins": -1, "captcha_seen": -1, "error": false}
382, marriott.com, {"resolved": false, "login": -1, "username": -1, "password": -1, "attempted_logins": -1, "captcha_seen": -1, "error": false}
383, giphy.com, {"resolved": false, "login": -1, "username": -1, "password": -1, "attempted_logins": -1, "captcha_seen": -1, "error": false}
384, wikihow.com, {"resolved": false, "login": -1, "username": -1, "password": -1, "attempted_logins": -1, "captcha_seen": -1, "error": false}
385, usnews.com, {"resolved": false, "login": -1, "username": -1, "password": -1, "attempted_logins": -1, "captcha_seen": -1, "error": false}
386, dribbble.com, {"resolved": false, "login": -1, "username": -1, "password": -1, "attempted_logins": -1, "captcha_seen": -1, "error": false}
387, atlassian.net, {"resolved": false, "login": -1, "username": -1, "password": -1, "attempted_logins": -1, "captcha_seen": -1, "error": false}
388, sagepub.com, {"resolved": false, "login": -1, "username": -1, "password": -1, "attempted_logins": -1, "captcha_seen": -1, "error": false}
389, investing.com, {"resolved": false, "login": -1, "username": -1, "password": -1, "attempted_logins": -1, "captcha_seen": -1, "error": false}
390, msftconnecttest.com, {"resolved": false, "login": -1, "username": -1, "password": -1, "attempted_logins": -1, "captcha_seen": -1, "error": false}
391, marketwatch.com, {"resolved": false, "login": -1, "username": -1, "password": -1, "attempted_logins": -1, "captcha_seen": -1, "error": false}
392, messenger.com, {"resolved": false, "login": -1, "username": -1, "password": -1, "attempted_logins": -1, "captcha_seen": -1, "error": false}
393, gamersky.com, {"resolved": false, "login": -1, "username": -1, "password": -1, "attempted_logins": -1, "captcha_seen": -1, "error": false}
394, arnebrachhold.de, {"resolved": false, "login": -1, "username": -1, "password": -1, "attempted_logins": -1, "captcha_seen": -1, "error": false}
395, nga.cn, {"resolved": false, "login": -1, "username": -1, "password": -1, "attempted_logins": -1, "captcha_seen": -1, "error": false}
396, bandcamp.com, {"resolved": false, "login": -1, "username": -1, "password": -1, "attempted_logins": -1, "captcha_seen": -1, "error": false}
397, suara.com, {"resolved": false, "login": -1, "username": -1, "password": -1, "attempted_logins": -1, "captcha_seen": -1, "error": false}
398, primevideo.com, {"resolved": false, "login": -1, "username": -1, "password": -1, "attempted_logins": -1, "captcha_seen": -1, "error": false}
399, gosuslugi.ru, {"resolved": false, "login": -1, "username": -1, "password": -1, "attempted_logins": -1, "captcha_seen": -1, "error": false}
400, bankofamerica.com, {"resolved": false, "login": -1, "username": -1, "password": -1, "attempted_logins": -1, "captcha_seen": -1, "error": false}
401, notion.so, {"resolved": false, "login": -1, "username": -1, "password": -1, "attempted_logins": -1, "captcha_seen": -1, "error": false}
402, nypost.com, {"resolved": false, "login": -1, "username": -1, "password": -1, "attempted_logins": -1, "captcha_seen": -1, "error": false}
403, mailchi.mp, {"resolved": false, "login": -1, "username": -1, "password": -1, "attempted_logins": -1, "captcha_seen": -1, "error": false}
404, ntp.org, {"resolved": false, "login": -1, "username": -1, "password": -1, "attempted_logins": -1, "captcha_seen": -1, "error": false}
405, mayoclinic.org, {"resolved": false, "login": -1, "username": -1, "password": -1, "attempted_logins": -1, "captcha_seen": -1, "error": false}
406, yandex.com, {"resolved": false, "login": -1, "username": -1, "password": -1, "attempted_logins": -1, "captcha_seen": -1, "error": false}
407, google.com.sg, {"resolved": false, "login": -1, "username": -1, "password": -1, "attempted_logins": -1, "captcha_seen": -1, "error": false}
408, aboutads.info, {"resolved": false, "login": -1, "username": -1, "password": -1, "attempted_logins": -1, "captcha_seen": -1, "error": false}
409, coursera.org, {"resolved": false, "login": -1, "username": -1, "password": -1, "attempted_logins": -1, "captcha_seen": -1, "error": false}
410, state.gov, {"resolved": false, "login": -1, "username": -1, "password": -1, "attempted_logins": -1, "captcha_seen": -1, "error": false}
411, hdfcbank.com, {"resolved": false, "login": -1, "username": -1, "password": -1, "attempted_logins": -1, "captcha_seen": -1, "error": false}
412, livedoor.jp, {"resolved": false, "login": -1, "username": -1, "password": -1, "attempted_logins": -1, "captcha_seen": -1, "error": false}
413, princeton.edu, {"resolved": false, "login": -1, "username": -1, "password": -1, "attempted_logins": -1, "captcha_seen": -1, "error": false}
414, disqus.com, {"resolved": false, "login": -1, "username": -1, "password": -1, "attempted_logins": -1, "captcha_seen": -1, "error": false}
415, irs.gov, {"resolved": false, "login": -1, "username": -1, "password": -1, "attempted_logins": -1, "captcha_seen": -1, "error": false}
416, hugedomains.com, {"resolved": false, "login": -1, "username": -1, "password": -1, "attempted_logins": -1, "captcha_seen": -1, "error": false}
417, okta.com, {"resolved": false, "login": -1, "username": -1, "password": -1, "attempted_logins": -1, "captcha_seen": -1, "error": false}
418, gmail.com, {"resolved": false, "login": -1, "username": -1, "password": -1, "attempted_logins": -1, "captcha_seen": -1, "error": false}
419, google.com.br, {"resolved": false, "login": -1, "username": -1, "password": -1, "attempted_logins": -1, "captcha_seen": -1, "error": false}
420, hbr.org, {"resolved": false, "login": -1, "username": -1, "password": -1, "attempted_logins": -1, "captcha_seen": -1, "error": false}
421, statcounter.com, {"resolved": false, "login": -1, "username": -1, "password": -1, "attempted_logins": -1, "captcha_seen": -1, "error": false}
422, cnki.net, {"resolved": false, "login": -1, "username": -1, "password": -1, "attempted_logins": -1, "captcha_seen": -1, "error": false}
423, merriam-webster.com, {"resolved": false, "login": -1, "username": -1, "password": -1, "attempted_logins": -1, "captcha_seen": -1, "error": false}
424, jimdo.com, {"resolved": false, "login": -1, "username": -1, "password": -1, "attempted_logins": -1, "captcha_seen": -1, "error": false}
425, pubmatic.com, {"resolved": false, "login": -1, "username": -1, "password": -1, "attempted_logins": -1, "captcha_seen": -1, "error": false}
426, unesco.org, {"resolved": false, "login": -1, "username": -1, "password": -1, "attempted_logins": -1, "captcha_seen": -1, "error": false}
427, usda.gov, {"resolved": false, "login": -1, "username": -1, "password": -1, "attempted_logins": -1, "captcha_seen": -1, "error": false}
428, amazon.es, {"resolved": false, "login": -1, "username": -1, "password": -1, "attempted_logins": -1, "captcha_seen": -1, "error": false}
429, grid.id, {"resolved": false, "login": -1, "username": -1, "password": -1, "attempted_logins": -1, "captcha_seen": -1, "error": false}
430, change.org, {"resolved": false, "login": -1, "username": -1, "password": -1, "attempted_logins": -1, "captcha_seen": -1, "error": false}
431, economist.com, {"resolved": false, "login": -1, "username": -1, "password": -1, "attempted_logins": -1, "captcha_seen": -1, "error": false}
432, homedepot.com, {"resolved": false, "login": -1, "username": -1, "password": -1, "attempted_logins": -1, "captcha_seen": -1, "error": false}
433, opensea.io, {"resolved": false, "login": -1, "username": -1, "password": -1, "attempted_logins": -1, "captcha_seen": -1, "error": false}
434, ltn.com.tw, {"resolved": false, "login": -1, "username": -1, "password": -1, "attempted_logins": -1, "captcha_seen": -1, "error": false}
435, rubiconproject.com, {"resolved": false, "login": -1, "username": -1, "password": -1, "attempted_logins": -1, "captcha_seen": -1, "error": false}
436, webex.com, {"resolved": false, "login": -1, "username": -1, "password": -1, "attempted_logins": -1, "captcha_seen": -1, "error": false}
437, marca.com, {"resolved": false, "login": -1, "username": -1, "password": -1, "attempted_logins": -1, "captcha_seen": -1, "error": false}
438, ampproject.org, {"resolved": false, "login": -1, "username": -1, "password": -1, "attempted_logins": -1, "captcha_seen": -1, "error": false}
439, ali213.net, {"resolved": false, "login": -1, "username": -1, "password": -1, "attempted_logins": -1, "captcha_seen": -1, "error": false}
440, whitehouse.gov, {"resolved": false, "login": -1, "username": -1, "password": -1, "attempted_logins": -1, "captcha_seen": -1, "error": false}
441, geeksforgeeks.org, {"resolved": false, "login": -1, "username": -1, "password": -1, "attempted_logins": -1, "captcha_seen": -1, "error": false}
442, box.com, {"resolved": false, "login": -1, "username": -1, "password": -1, "attempted_logins": -1, "captcha_seen": -1, "error": false}
443, ozon.ru, {"resolved": false, "login": -1, "username": -1, "password": -1, "attempted_logins": -1, "captcha_seen": -1, "error": false}
444, 360doc.com, {"resolved": false, "login": -1, "username": -1, "password": -1, "attempted_logins": -1, "captcha_seen": -1, "error": false}
445, zerodha.com, {"resolved": false, "login": -1, "username": -1, "password": -1, "attempted_logins": -1, "captcha_seen": -1, "error": false}
446, usps.com, {"resolved": false, "login": -1, "username": -1, "password": -1, "attempted_logins": -1, "captcha_seen": -1, "error": false}
447, networkadvertising.org, {"resolved": false, "login": -1, "username": -1, "password": -1, "attempted_logins": -1, "captcha_seen": -1, "error": false}
448, criteo.com, {"resolved": false, "login": -1, "username": -1, "password": -1, "attempted_logins": -1, "captcha_seen": -1, "error": false}
449, google.com.mx, {"resolved": false, "login": -1, "username": -1, "password": -1, "attempted_logins": -1, "captcha_seen": -1, "error": false}
450, digg.com, {"resolved": false, "login": -1, "username": -1, "password": -1, "attempted_logins": -1, "captcha_seen": -1, "error": false}
451, istockphoto.com, {"resolved": false, "login": -1, "username": -1, "password": -1, "attempted_logins": -1, "captcha_seen": -1, "error": false}
452, uol.com.br, {"resolved": false, "login": -1, "username": -1, "password": -1, "attempted_logins": -1, "captcha_seen": -1, "error": false}
453, launchpad.net, {"resolved": false, "login": -1, "username": -1, "password": -1, "attempted_logins": -1, "captcha_seen": -1, "error": false}
454, envato.com, {"resolved": false, "login": -1, "username": -1, "password": -1, "attempted_logins": -1, "captcha_seen": -1, "error": false}
455, elsevier.com, {"resolved": false, "login": -1, "username": -1, "password": -1, "attempted_logins": -1, "captcha_seen": -1, "error": false}
456, toutiao.com, {"resolved": false, "login": -1, "username": -1, "password": -1, "attempted_logins": -1, "captcha_seen": -1, "error": false}
457, pbs.org, {"resolved": false, "login": -1, "username": -1, "password": -1, "attempted_logins": -1, "captcha_seen": -1, "error": false}
458, allaboutcookies.org, {"resolved": false, "login": -1, "username": -1, "password": -1, "attempted_logins": -1, "captcha_seen": -1, "error": false}
459, adsrvr.org, {"resolved": false, "login": -1, "username": -1, "password": -1, "attempted_logins": -1, "captcha_seen": -1, "error": false}
460, businesswire.com, {"resolved": false, "login": -1, "username": -1, "password": -1, "attempted_logins": -1, "captcha_seen": -1, "error": false}
461, akismet.com, {"resolved": false, "login": -1, "username": -1, "password": -1, "attempted_logins": -1, "captcha_seen": -1, "error": false}
462, calendly.com, {"resolved": false, "login": -1, "username": -1, "password": -1, "attempted_logins": -1, "captcha_seen": -1, "error": false}
463, airbnb.com, {"resolved": false, "login": -1, "username": -1, "password": -1, "attempted_logins": -1, "captcha_seen": -1, "error": false}
464, epa.gov, {"resolved": false, "login": -1, "username": -1, "password": -1, "attempted_logins": -1, "captcha_seen": -1, "error": false}
465, msftncsi.com, {"resolved": false, "login": -1, "username": -1, "password": -1, "attempted_logins": -1, "captcha_seen": -1, "error": false}
466, cdninstagram.com, {"resolved": false, "login": -1, "username": -1, "password": -1, "attempted_logins": -1, "captcha_seen": -1, "error": false}
467, arcgis.com, {"resolved": false, "login": -1, "username": -1, "password": -1, "attempted_logins": -1, "captcha_seen": -1, "error": false}
468, columbia.edu, {"resolved": false, "login": -1, "username": -1, "password": -1, "attempted_logins": -1, "captcha_seen": -1, "error": false}
469, akamaihd.net, {"resolved": false, "login": -1, "username": -1, "password": -1, "attempted_logins": -1, "captcha_seen": -1, "error": false}
470, smallpdf.com, {"resolved": false, "login": -1, "username": -1, "password": -1, "attempted_logins": -1, "captcha_seen": -1, "error": false}
471, ups.com, {"resolved": false, "login": -1, "username": -1, "password": -1, "attempted_logins": -1, "captcha_seen": -1, "error": false}
472, typepad.com, {"resolved": false, "login": -1, "username": -1, "password": -1, "attempted_logins": -1, "captcha_seen": -1, "error": false}
473, bet9ja.com, {"resolved": false, "login": -1, "username": -1, "password": -1, "attempted_logins": -1, "captcha_seen": -1, "error": false}
474, alicdn.com, {"resolved": false, "login": -1, "username": -1, "password": -1, "attempted_logins": -1, "captcha_seen": -1, "error": false}
475, runoob.com, {"resolved": false, "login": -1, "username": -1, "password": -1, "attempted_logins": -1, "captcha_seen": -1, "error": false}
476, fastly.net, {"resolved": false, "login": -1, "username": -1, "password": -1, "attempted_logins": -1, "captcha_seen": -1, "error": false}
477, worldbank.org, {"resolved": false, "login": -1, "username": -1, "password": -1, "attempted_logins": -1, "captcha_seen": -1, "error": false}
478, rlcdn.com, {"resolved": false, "login": -1, "username": -1, "password": -1, "attempted_logins": -1, "captcha_seen": -1, "error": false}
479, dw.com, {"resolved": false, "login": -1, "username": -1, "password": -1, "attempted_logins": -1, "captcha_seen": -1, "error": false}
480, redhat.com, {"resolved": false, "login": -1, "username": -1, "password": -1, "attempted_logins": -1, "captcha_seen": -1, "error": false}
481, umich.edu, {"resolved": false, "login": -1, "username": -1, "password": -1, "attempted_logins": -1, "captcha_seen": -1, "error": false}
482, canada.ca, {"resolved": false, "login": -1, "username": -1, "password": -1, "attempted_logins": -1, "captcha_seen": -1, "error": false}
483, abc.net.au, {"resolved": false, "login": -1, "username": -1, "password": -1, "attempted_logins": -1, "captcha_seen": -1, "error": false}
484, whatsapp.net, {"resolved": false, "login": -1, "username": -1, "password": -1, "attempted_logins": -1, "captcha_seen": -1, "error": false}
485, about.com, {"resolved": false, "login": -1, "username": -1, "password": -1, "attempted_logins": -1, "captcha_seen": -1, "error": false}
486, dmm.co.jp, {"resolved": false, "login": -1, "username": -1, "password": -1, "attempted_logins": -1, "captcha_seen": -1, "error": false}
487, nr-data.net, {"resolved": false, "login": -1, "username": -1, "password": -1, "attempted_logins": -1, "captcha_seen": -1, "error": false}
488, douyin.com, {"resolved": false, "login": -1, "username": -1, "password": -1, "attempted_logins": -1, "captcha_seen": -1, "error": false}
489, google.es, {"resolved": false, "login": -1, "username": -1, "password": -1, "attempted_logins": -1, "captcha_seen": -1, "error": false}
490, casalemedia.com, {"resolved": false, "login": -1, "username": -1, "password": -1, "attempted_logins": -1, "captcha_seen": -1, "error": false}
491, sciencemag.org, {"resolved": false, "login": -1, "username": -1, "password": -1, "attempted_logins": -1, "captcha_seen": -1, "error": false}
492, telegram.me, {"resolved": false, "login": -1, "username": -1, "password": -1, "attempted_logins": -1, "captcha_seen": -1, "error": false}
493, fedex.com, {"resolved": false, "login": -1, "username": -1, "password": -1, "attempted_logins": -1, "captcha_seen": -1, "error": false}
494, bet365.com, {"resolved": false, "login": -1, "username": -1, "password": -1, "attempted_logins": -1, "captcha_seen": -1, "error": false}
495, ieee.org, {"resolved": false, "login": -1, "username": -1, "password": -1, "attempted_logins": -1, "captcha_seen": -1, "error": false}
496, 2mdn.net, {"resolved": false, "login": -1, "username": -1, "password": -1, "attempted_logins": -1, "captcha_seen": -1, "error": false}
497, ameblo.jp, {"resolved": false, "login": -1, "username": -1, "password": -1, "attempted_logins": -1, "captcha_seen": -1, "error": false}
498, 52pojie.cn, {"resolved": false, "login": -1, "username": -1, "password": -1, "attempted_logins": -1, "captcha_seen": -1, "error": false}
499, outbrain.com, {"resolved": false, "login": -1, "username": -1, "password": -1, "attempted_logins": -1, "captcha_seen": -1, "error": false}
500, youm7.com, {"resolved": false, "login": -1, "username": -1, "password": -1, "attempted_logins": -1, "captcha_seen": -1, "error": false}
501, target.com, {"resolved": false, "login": -1, "username": -1, "password": -1, "attempted_logins": -1, "captcha_seen": -1, "error": false}
502, verisign.com, {"resolved": false, "login": -1, "username": -1, "password": -1, "attempted_logins": -1, "captcha_seen": -1, "error": false}
503, nike.com, {"resolved": false, "login": -1, "username": -1, "password": -1, "attempted_logins": -1, "captcha_seen": -1, "error": false}
504, globo.com, {"resolved": false, "login": -1, "username": -1, "password": -1, "attempted_logins": -1, "captcha_seen": -1, "error": false}
505, www.gov.cn, {"resolved": false, "login": -1, "username": -1, "password": -1, "attempted_logins": -1, "captcha_seen": -1, "error": false}
506, cbc.ca, {"resolved": false, "login": -1, "username": -1, "password": -1, "attempted_logins": -1, "captcha_seen": -1, "error": false}
507, psu.edu, {"resolved": false, "login": -1, "username": -1, "password": -1, "attempted_logins": -1, "captcha_seen": -1, "error": false}
508, cricbuzz.com, {"resolved": false, "login": -1, "username": -1, "password": -1, "attempted_logins": -1, "captcha_seen": -1, "error": false}
509, accuweather.com, {"resolved": false, "login": -1, "username": -1, "password": -1, "attempted_logins": -1, "captcha_seen": -1, "error": false}
510, autohome.com.cn, {"resolved": false, "login": -1, "username": -1, "password": -1, "attempted_logins": -1, "captcha_seen": -1, "error": false}
511, fb.me, {"resolved": false, "login": -1, "username": -1, "password": -1, "attempted_logins": -1, "captcha_seen": -1, "error": false}
512, typeform.com, {"resolved": false, "login": -1, "username": -1, "password": -1, "attempted_logins": -1, "captcha_seen": -1, "error": false}
513, appsflyer.com, {"resolved": false, "login": -1, "username": -1, "password": -1, "attempted_logins": -1, "captcha_seen": -1, "error": false}
514, wellsfargo.com, {"resolved": false, "login": -1, "username": -1, "password": -1, "attempted_logins": -1, "captcha_seen": -1, "error": false}
515, qualtrics.com, {"resolved": false, "login": -1, "username": -1, "password": -1, "attempted_logins": -1, "captcha_seen": -1, "error": false}
516, elpais.com, {"resolved": false, "login": -1, "username": -1, "password": -1, "attempted_logins": -1, "captcha_seen": -1, "error": false}
517, azureedge.net, {"resolved": false, "login": -1, "username": -1, "password": -1, "attempted_logins": -1, "captcha_seen": -1, "error": false}
518, americanexpress.com, {"resolved": false, "login": -1, "username": -1, "password": -1, "attempted_logins": -1, "captcha_seen": -1, "error": false}
519, zdnet.com, {"resolved": false, "login": -1, "username": -1, "password": -1, "attempted_logins": -1, "captcha_seen": -1, "error": false}
520, noaa.gov, {"resolved": false, "login": -1, "username": -1, "password": -1, "attempted_logins": -1, "captcha_seen": -1, "error": false}
521, wildberries.ru, {"resolved": false, "login": -1, "username": -1, "password": -1, "attempted_logins": -1, "captcha_seen": -1, "error": false}
522, mashable.com, {"resolved": false, "login": -1, "username": -1, "password": -1, "attempted_logins": -1, "captcha_seen": -1, "error": false}
523, gitlab.com, {"resolved": false, "login": -1, "username": -1, "password": -1, "attempted_logins": -1, "captcha_seen": -1, "error": false}
524, xiaohongshu.com, {"resolved": false, "login": -1, "username": -1, "password": -1, "attempted_logins": -1, "captcha_seen": -1, "error": false}
525, visualstudio.com, {"resolved": false, "login": -1, "username": -1, "password": -1, "attempted_logins": -1, "captcha_seen": -1, "error": false}
526, y2mate.com, {"resolved": false, "login": -1, "username": -1, "password": -1, "attempted_logins": -1, "captcha_seen": -1, "error": false}
527, upenn.edu, {"resolved": false, "login": -1, "username": -1, "password": -1, "attempted_logins": -1, "captcha_seen": -1, "error": false}
528, vice.com, {"resolved": false, "login": -1, "username": -1, "password": -1, "attempted_logins": -1, "captcha_seen": -1, "error": false}
529, google.com.tr, {"resolved": false, "login": -1, "username": -1, "password": -1, "attempted_logins": -1, "captcha_seen": -1, "error": false}
530, 9gag.com, {"resolved": false, "login": -1, "username": -1, "password": -1, "attempted_logins": -1, "captcha_seen": -1, "error": false}
531, arxiv.org, {"resolved": false, "login": -1, "username": -1, "password": -1, "attempted_logins": -1, "captcha_seen": -1, "error": false}
532, zhibo8.cc, {"resolved": false, "login": -1, "username": -1, "password": -1, "attempted_logins": -1, "captcha_seen": -1, "error": false}
533, evernote.com, {"resolved": false, "login": -1, "username": -1, "password": -1, "attempted_logins": -1, "captcha_seen": -1, "error": false}
534, epicgames.com, {"resolved": false, "login": -1, "username": -1, "password": -1, "attempted_logins": -1, "captcha_seen": -1, "error": false}
535, google.co.th, {"resolved": false, "login": -1, "username": -1, "password": -1, "attempted_logins": -1, "captcha_seen": -1, "error": false}
536, iso.org, {"resolved": false, "login": -1, "username": -1, "password": -1, "attempted_logins": -1, "captcha_seen": -1, "error": false}
537, atlassian.com, {"resolved": false, "login": -1, "username": -1, "password": -1, "attempted_logins": -1, "captcha_seen": -1, "error": false}
538, vox.com, {"resolved": false, "login": -1, "username": -1, "password": -1, "attempted_logins": -1, "captcha_seen": -1, "error": false}
539, bestbuy.com, {"resolved": false, "login": -1, "username": -1, "password": -1, "attempted_logins": -1, "captcha_seen": -1, "error": false}
540, constantcontact.com, {"resolved": false, "login": -1, "username": -1, "password": -1, "attempted_logins": -1, "captcha_seen": -1, "error": false}
541, apnews.com, {"resolved": false, "login": -1, "username": -1, "password": -1, "attempted_logins": -1, "captcha_seen": -1, "error": false}
542, sciencedaily.com, {"resolved": false, "login": -1, "username": -1, "password": -1, "attempted_logins": -1, "captcha_seen": -1, "error": false}
543, namu.wiki, {"resolved": false, "login": -1, "username": -1, "password": -1, "attempted_logins": -1, "captcha_seen": -1, "error": false}
544, eepurl.com, {"resolved": false, "login": -1, "username": -1, "password": -1, "attempted_logins": -1, "captcha_seen": -1, "error": false}
545, tianya.cn, {"resolved": false, "login": -1, "username": -1, "password": -1, "attempted_logins": -1, "captcha_seen": -1, "error": false}
546, yale.edu, {"resolved": false, "login": -1, "username": -1, "password": -1, "attempted_logins": -1, "captcha_seen": -1, "error": false}
547, huya.com, {"resolved": false, "login": -1, "username": -1, "password": -1, "attempted_logins": -1, "captcha_seen": -1, "error": false}
548, ria.ru, {"resolved": false, "login": -1, "username": -1, "password": -1, "attempted_logins": -1, "captcha_seen": -1, "error": false}
549, openx.net, {"resolved": false, "login": -1, "username": -1, "password": -1, "attempted_logins": -1, "captcha_seen": -1, "error": false}
550, getpocket.com, {"resolved": false, "login": -1, "username": -1, "password": -1, "attempted_logins": -1, "captcha_seen": -1, "error": false}
551, 3lift.com, {"resolved": false, "login": -1, "username": -1, "password": -1, "attempted_logins": -1, "captcha_seen": -1, "error": false}
552, quizlet.com, {"resolved": false, "login": -1, "username": -1, "password": -1, "attempted_logins": -1, "captcha_seen": -1, "error": false}
553, moatads.com, {"resolved": false, "login": -1, "username": -1, "password": -1, "attempted_logins": -1, "captcha_seen": -1, "error": false}
554, deloitte.com, {"resolved": false, "login": -1, "username": -1, "password": -1, "attempted_logins": -1, "captcha_seen": -1, "error": false}
555, trendyol.com, {"resolved": false, "login": -1, "username": -1, "password": -1, "attempted_logins": -1, "captcha_seen": -1, "error": false}
556, psychologytoday.com, {"resolved": false, "login": -1, "username": -1, "password": -1, "attempted_logins": -1, "captcha_seen": -1, "error": false}
557, lazada.sg, {"resolved": false, "login": -1, "username": -1, "password": -1, "attempted_logins": -1, "captcha_seen": -1, "error": false}
558, bmj.com, {"resolved": false, "login": -1, "username": -1, "password": -1, "attempted_logins": -1, "captcha_seen": -1, "error": false}
559, bidswitch.net, {"resolved": false, "login": -1, "username": -1, "password": -1, "attempted_logins": -1, "captcha_seen": -1, "error": false}
560, theconversation.com, {"resolved": false, "login": -1, "username": -1, "password": -1, "attempted_logins": -1, "captcha_seen": -1, "error": false}
561, wiktionary.org, {"resolved": false, "login": -1, "username": -1, "password": -1, "attempted_logins": -1, "captcha_seen": -1, "error": false}
562, trafficmanager.net, {"resolved": false, "login": -1, "username": -1, "password": -1, "attempted_logins": -1, "captcha_seen": -1, "error": false}
563, gofundme.com, {"resolved": false, "login": -1, "username": -1, "password": -1, "attempted_logins": -1, "captcha_seen": -1, "error": false}
564, chinaz.com, {"resolved": false, "login": -1, "username": -1, "password": -1, "attempted_logins": -1, "captcha_seen": -1, "error": false}
565, feedburner.com, {"resolved": false, "login": -1, "username": -1, "password": -1, "attempted_logins": -1, "captcha_seen": -1, "error": false}
566, newyorker.com, {"resolved": false, "login": -1, "username": -1, "password": -1, "attempted_logins": -1, "captcha_seen": -1, "error": false}
567, wisc.edu, {"resolved": false, "login": -1, "username": -1, "password": -1, "attempted_logins": -1, "captcha_seen": -1, "error": false}
568, in.gr, {"resolved": false, "login": -1, "username": -1, "password": -1, "attempted_logins": -1, "captcha_seen": -1, "error": false}
569, google.it, {"resolved": false, "login": -1, "username": -1, "password": -1, "attempted_logins": -1, "captcha_seen": -1, "error": false}
570, example.com, {"resolved": false, "login": -1, "username": -1, "password": -1, "attempted_logins": -1, "captcha_seen": -1, "error": false}
571, plos.org, {"resolved": false, "login": -1, "username": -1, "password": -1, "attempted_logins": -1, "captcha_seen": -1, "error": false}
572, ox.ac.uk, {"resolved": false, "login": -1, "username": -1, "password": -1, "attempted_logins": -1, "captcha_seen": -1, "error": false}
573, gstatic.com, {"resolved": false, "login": -1, "username": -1, "password": -1, "attempted_logins": -1, "captcha_seen": -1, "error": false}
574, reverso.net, {"resolved": false, "login": -1, "username": -1, "password": -1, "attempted_logins": -1, "captcha_seen": -1, "error": false}
575, jb51.net, {"resolved": false, "login": -1, "username": -1, "password": -1, "attempted_logins": -1, "captcha_seen": -1, "error": false}
576, wpengine.com, {"resolved": false, "login": -1, "username": -1, "password": -1, "attempted_logins": -1, "captcha_seen": -1, "error": false}
577, shaparak.ir, {"resolved": false, "login": -1, "username": -1, "password": -1, "attempted_logins": -1, "captcha_seen": -1, "error": false}
578, newrelic.com, {"resolved": false, "login": -1, "username": -1, "password": -1, "attempted_logins": -1, "captcha_seen": -1, "error": false}
579, jotform.com, {"resolved": false, "login": -1, "username": -1, "password": -1, "attempted_logins": -1, "captcha_seen": -1, "error": false}
580, biomedcentral.com, {"resolved": false, "login": -1, "username": -1, "password": -1, "attempted_logins": -1, "captcha_seen": -1, "error": false}
581, google.com.au, {"resolved": false, "login": -1, "username": -1, "password": -1, "attempted_logins": -1, "captcha_seen": -1, "error": false}
582, medicalnewstoday.com, {"resolved": false, "login": -1, "username": -1, "password": -1, "attempted_logins": -1, "captcha_seen": -1, "error": false}
583, zol.com.cn, {"resolved": false, "login": -1, "username": -1, "password": -1, "attempted_logins": -1, "captcha_seen": -1, "error": false}
584, icicibank.com, {"resolved": false, "login": -1, "username": -1, "password": -1, "attempted_logins": -1, "captcha_seen": -1, "error": false}
585, engadget.com, {"resolved": false, "login": -1, "username": -1, "password": -1, "attempted_logins": -1, "captcha_seen": -1, "error": false}
586, weforum.org, {"resolved": false, "login": -1, "username": -1, "password": -1, "attempted_logins": -1, "captcha_seen": -1, "error": false}
587, teamviewer.com, {"resolved": false, "login": -1, "username": -1, "password": -1, "attempted_logins": -1, "captcha_seen": -1, "error": false}
588, thepaper.cn, {"resolved": false, "login": -1, "username": -1, "password": -1, "attempted_logins": -1, "captcha_seen": -1, "error": false}
589, nvidia.com, {"resolved": false, "login": -1, "username": -1, "password": -1, "attempted_logins": -1, "captcha_seen": -1, "error": false}
590, stripchat.com, {"resolved": false, "login": -1, "username": -1, "password": -1, "attempted_logins": -1, "captcha_seen": -1, "error": false}
591, fastcompany.com, {"resolved": false, "login": -1, "username": -1, "password": -1, "attempted_logins": -1, "captcha_seen": -1, "error": false}
592, fortune.com, {"resolved": false, "login": -1, "username": -1, "password": -1, "attempted_logins": -1, "captcha_seen": -1, "error": false}
593, discord.gg, {"resolved": false, "login": -1, "username": -1, "password": -1, "attempted_logins": -1, "captcha_seen": -1, "error": false}
594, zhanqi.tv, {"resolved": false, "login": -1, "username": -1, "password": -1, "attempted_logins": -1, "captcha_seen": -1, "error": false}
595, jquery.com, {"resolved": false, "login": -1, "username": -1, "password": -1, "attempted_logins": -1, "captcha_seen": -1, "error": false}
596, google.com.sa, {"resolved": false, "login": -1, "username": -1, "password": -1, "attempted_logins": -1, "captcha_seen": -1, "error": false}
597, hulu.com, {"resolved": false, "login": -1, "username": -1, "password": -1, "attempted_logins": -1, "captcha_seen": -1, "error": false}
598, onlinesbi.com, {"resolved": false, "login": -1, "username": -1, "password": -1, "attempted_logins": -1, "captcha_seen": -1, "error": false}
599, yts.mx, {"resolved": false, "login": -1, "username": -1, "password": -1, "attempted_logins": -1, "captcha_seen": -1, "error": false}
600, python.org, {"resolved": false, "login": -1, "username": -1, "password": -1, "attempted_logins": -1, "captcha_seen": -1, "error": false}
601, mzstatic.com, {"resolved": false, "login": -1, "username": -1, "password": -1, "attempted_logins": -1, "captcha_seen": -1, "error": false}
602, umn.edu, {"resolved": false, "login": -1, "username": -1, "password": -1, "attempted_logins": -1, "captcha_seen": -1, "error": false}
603, ubuntu.com, {"resolved": false, "login": -1, "username": -1, "password": -1, "attempted_logins": -1, "captcha_seen": -1, "error": false}
604, inc.com, {"resolved": false, "login": -1, "username": -1, "password": -1, "attempted_logins": -1, "captcha_seen": -1, "error": false}
605, zippyshare.com, {"resolved": false, "login": -1, "username": -1, "password": -1, "attempted_logins": -1, "captcha_seen": -1, "error": false}
606, ign.com, {"resolved": false, "login": -1, "username": -1, "password": -1, "attempted_logins": -1, "captcha_seen": -1, "error": false}
607, shopee.tw, {"resolved": false, "login": -1, "username": -1, "password": -1, "attempted_logins": -1, "captcha_seen": -1, "error": false}
608, stumbleupon.com, {"resolved": false, "login": -1, "username": -1, "password": -1, "attempted_logins": -1, "captcha_seen": -1, "error": false}
609, donya-e-eqtesad.com, {"resolved": false, "login": -1, "username": -1, "password": -1, "attempted_logins": -1, "captcha_seen": -1, "error": false}
610, as.com, {"resolved": false, "login": -1, "username": -1, "password": -1, "attempted_logins": -1, "captcha_seen": -1, "error": false}
611, mercadolibre.com.mx, {"resolved": false, "login": -1, "username": -1, "password": -1, "attempted_logins": -1, "captcha_seen": -1, "error": false}
612, sfx.ms, {"resolved": false, "login": -1, "username": -1, "password": -1, "attempted_logins": -1, "captcha_seen": -1, "error": false}
613, figma.com, {"resolved": false, "login": -1, "username": -1, "password": -1, "attempted_logins": -1, "captcha_seen": -1, "error": false}
614, mi.com, {"resolved": false, "login": -1, "username": -1, "password": -1, "attempted_logins": -1, "captcha_seen": -1, "error": false}
615, heavy.com, {"resolved": false, "login": -1, "username": -1, "password": -1, "attempted_logins": -1, "captcha_seen": -1, "error": false}
616, webs.com, {"resolved": false, "login": -1, "username": -1, "password": -1, "attempted_logins": -1, "captcha_seen": -1, "error": false}
617, google.com.ar, {"resolved": false, "login": -1, "username": -1, "password": -1, "attempted_logins": -1, "captcha_seen": -1, "error": false}
618, spiegel.de, {"resolved": false, "login": -1, "username": -1, "password": -1, "attempted_logins": -1, "captcha_seen": -1, "error": false}
619, filimo.com, {"resolved": false, "login": -1, "username": -1, "password": -1, "attempted_logins": -1, "captcha_seen": -1, "error": false}
620, docker.com, {"resolved": false, "login": -1, "username": -1, "password": -1, "attempted_logins": -1, "captcha_seen": -1, "error": false}
621, newsweek.com, {"resolved": false, "login": -1, "username": -1, "password": -1, "attempted_logins": -1, "captcha_seen": -1, "error": false}
622, gizmodo.com, {"resolved": false, "login": -1, "username": -1, "password": -1, "attempted_logins": -1, "captcha_seen": -1, "error": false}
623, meetup.com, {"resolved": false, "login": -1, "username": -1, "password": -1, "attempted_logins": -1, "captcha_seen": -1, "error": false}
624, espncricinfo.com, {"resolved": false, "login": -1, "username": -1, "password": -1, "attempted_logins": -1, "captcha_seen": -1, "error": false}
625, thesun.co.uk, {"resolved": false, "login": -1, "username": -1, "password": -1, "attempted_logins": -1, "captcha_seen": -1, "error": false}
626, apa.org, {"resolved": false, "login": -1, "username": -1, "password": -1, "attempted_logins": -1, "captcha_seen": -1, "error": false}
627, advertising.com, {"resolved": false, "login": -1, "username": -1, "password": -1, "attempted_logins": -1, "captcha_seen": -1, "error": false}
628, timeanddate.com, {"resolved": false, "login": -1, "username": -1, "password": -1, "attempted_logins": -1, "captcha_seen": -1, "error": false}
629, ebay.co.uk, {"resolved": false, "login": -1, "username": -1, "password": -1, "attempted_logins": -1, "captcha_seen": -1, "error": false}
630, mercadolibre.com.ar, {"resolved": false, "login": -1, "username": -1, "password": -1, "attempted_logins": -1, "captcha_seen": -1, "error": false}
631, lenovo.com, {"resolved": false, "login": -1, "username": -1, "password": -1, "attempted_logins": -1, "captcha_seen": -1, "error": false}
632, people.com.cn, {"resolved": false, "login": -1, "username": -1, "password": -1, "attempted_logins": -1, "captcha_seen": -1, "error": false}
633, xueqiu.com, {"resolved": false, "login": -1, "username": -1, "password": -1, "attempted_logins": -1, "captcha_seen": -1, "error": false}
634, nhentai.net, {"resolved": false, "login": -1, "username": -1, "password": -1, "attempted_logins": -1, "captcha_seen": -1, "error": false}
635, pixnet.net, {"resolved": false, "login": -1, "username": -1, "password": -1, "attempted_logins": -1, "captcha_seen": -1, "error": false}
636, playstation.com, {"resolved": false, "login": -1, "username": -1, "password": -1, "attempted_logins": -1, "captcha_seen": -1, "error": false}
637, myanimelist.net, {"resolved": false, "login": -1, "username": -1, "password": -1, "attempted_logins": -1, "captcha_seen": -1, "error": false}
638, aljazeera.com, {"resolved": false, "login": -1, "username": -1, "password": -1, "attempted_logins": -1, "captcha_seen": -1, "error": false}
639, aliyuncs.com, {"resolved": false, "login": -1, "username": -1, "password": -1, "attempted_logins": -1, "captcha_seen": -1, "error": false}
640, mckinsey.com, {"resolved": false, "login": -1, "username": -1, "password": -1, "attempted_logins": -1, "captcha_seen": -1, "error": false}
641, soso.com, {"resolved": false, "login": -1, "username": -1, "password": -1, "attempted_logins": -1, "captcha_seen": -1, "error": false}
642, ensonhaber.com, {"resolved": false, "login": -1, "username": -1, "password": -1, "attempted_logins": -1, "captcha_seen": -1, "error": false}
643, jstor.org, {"resolved": false, "login": -1, "username": -1, "password": -1, "attempted_logins": -1, "captcha_seen": -1, "error": false}
644, mozilla.com, {"resolved": false, "login": -1, "username": -1, "password": -1, "attempted_logins": -1, "captcha_seen": -1, "error": false}
645, mirror.co.uk, {"resolved": false, "login": -1, "username": -1, "password": -1, "attempted_logins": -1, "captcha_seen": -1, "error": false}
646, sxyprn.com, {"resolved": false, "login": -1, "username": -1, "password": -1, "attempted_logins": -1, "captcha_seen": -1, "error": false}
647, bluekai.com, {"resolved": false, "login": -1, "username": -1, "password": -1, "attempted_logins": -1, "captcha_seen": -1, "error": false}
648, entrepreneur.com, {"resolved": false, "login": -1, "username": -1, "password": -1, "attempted_logins": -1, "captcha_seen": -1, "error": false}
649, pinterest.ca, {"resolved": false, "login": -1, "username": -1, "password": -1, "attempted_logins": -1, "captcha_seen": -1, "error": false}
650, oreilly.com, {"resolved": false, "login": -1, "username": -1, "password": -1, "attempted_logins": -1, "captcha_seen": -1, "error": false}
651, wp.pl, {"resolved": false, "login": -1, "username": -1, "password": -1, "attempted_logins": -1, "captcha_seen": -1, "error": false}
652, uci.edu, {"resolved": false, "login": -1, "username": -1, "password": -1, "attempted_logins": -1, "captcha_seen": -1, "error": false}
653, gamespot.com, {"resolved": false, "login": -1, "username": -1, "password": -1, "attempted_logins": -1, "captcha_seen": -1, "error": false}
654, media.net, {"resolved": false, "login": -1, "username": -1, "password": -1, "attempted_logins": -1, "captcha_seen": -1, "error": false}
655, google.com.eg, {"resolved": false, "login": -1, "username": -1, "password": -1, "attempted_logins": -1, "captcha_seen": -1, "error": false}
656, proiezionidiborsa.it, {"resolved": false, "login": -1, "username": -1, "password": -1, "attempted_logins": -1, "captcha_seen": -1, "error": false}
657, dcinside.com, {"resolved": false, "login": -1, "username": -1, "password": -1, "attempted_logins": -1, "captcha_seen": -1, "error": false}
658, fontawesome.com, {"resolved": false, "login": -1, "username": -1, "password": -1, "attempted_logins": -1, "captcha_seen": -1, "error": false}
659, scientificamerican.com, {"resolved": false, "login": -1, "username": -1, "password": -1, "attempted_logins": -1, "captcha_seen": -1, "error": false}
660, jhu.edu, {"resolved": false, "login": -1, "username": -1, "password": -1, "attempted_logins": -1, "captcha_seen": -1, "error": false}
661, tripod.com, {"resolved": false, "login": -1, "username": -1, "password": -1, "attempted_logins": -1, "captcha_seen": -1, "error": false}
662, yimg.com, {"resolved": false, "login": -1, "username": -1, "password": -1, "attempted_logins": -1, "captcha_seen": -1, "error": false}
663, agkn.com, {"resolved": false, "login": -1, "username": -1, "password": -1, "attempted_logins": -1, "captcha_seen": -1, "error": false}
664, chess.com, {"resolved": false, "login": -1, "username": -1, "password": -1, "attempted_logins": -1, "captcha_seen": -1, "error": false}
665, att.com, {"resolved": false, "login": -1, "username": -1, "password": -1, "attempted_logins": -1, "captcha_seen": -1, "error": false}
666, sun.com, {"resolved": false, "login": -1, "username": -1, "password": -1, "attempted_logins": -1, "captcha_seen": -1, "error": false}
667, cam.ac.uk, {"resolved": false, "login": -1, "username": -1, "password": -1, "attempted_logins": -1, "captcha_seen": -1, "error": false}
668, mdpi.com, {"resolved": false, "login": -1, "username": -1, "password": -1, "attempted_logins": -1, "captcha_seen": -1, "error": false}
669, cmu.edu, {"resolved": false, "login": -1, "username": -1, "password": -1, "attempted_logins": -1, "captcha_seen": -1, "error": false}
670, ucla.edu, {"resolved": false, "login": -1, "username": -1, "password": -1, "attempted_logins": -1, "captcha_seen": -1, "error": false}
671, youronlinechoices.com, {"resolved": false, "login": -1, "username": -1, "password": -1, "attempted_logins": -1, "captcha_seen": -1, "error": false}
672, wayfair.com, {"resolved": false, "login": -1, "username": -1, "password": -1, "attempted_logins": -1, "captcha_seen": -1, "error": false}
673, adobe.io, {"resolved": false, "login": -1, "username": -1, "password": -1, "attempted_logins": -1, "captcha_seen": -1, "error": false}
674, tokopedia.com, {"resolved": false, "login": -1, "username": -1, "password": -1, "attempted_logins": -1, "captcha_seen": -1, "error": false}
675, asus.com, {"resolved": false, "login": -1, "username": -1, "password": -1, "attempted_logins": -1, "captcha_seen": -1, "error": false}
676, oecd.org, {"resolved": false, "login": -1, "username": -1, "password": -1, "attempted_logins": -1, "captcha_seen": -1, "error": false}
677, remove.bg, {"resolved": false, "login": -1, "username": -1, "password": -1, "attempted_logins": -1, "captcha_seen": -1, "error": false}
678, xing.com, {"resolved": false, "login": -1, "username": -1, "password": -1, "attempted_logins": -1, "captcha_seen": -1, "error": false}
679, asana.com, {"resolved": false, "login": -1, "username": -1, "password": -1, "attempted_logins": -1, "captcha_seen": -1, "error": false}
680, huanqiu.com, {"resolved": false, "login": -1, "username": -1, "password": -1, "attempted_logins": -1, "captcha_seen": -1, "error": false}
681, e-hentai.org, {"resolved": false, "login": -1, "username": -1, "password": -1, "attempted_logins": -1, "captcha_seen": -1, "error": false}
682, hotjar.com, {"resolved": false, "login": -1, "username": -1, "password": -1, "attempted_logins": -1, "captcha_seen": -1, "error": false}
683, eporner.com, {"resolved": false, "login": -1, "username": -1, "password": -1, "attempted_logins": -1, "captcha_seen": -1, "error": false}
684, animeflv.net, {"resolved": false, "login": -1, "username": -1, "password": -1, "attempted_logins": -1, "captcha_seen": -1, "error": false}
685, plesk.com, {"resolved": false, "login": -1, "username": -1, "password": -1, "attempted_logins": -1, "captcha_seen": -1, "error": false}
686, indiamart.com, {"resolved": false, "login": -1, "username": -1, "password": -1, "attempted_logins": -1, "captcha_seen": -1, "error": false}
687, genius.com, {"resolved": false, "login": -1, "username": -1, "password": -1, "attempted_logins": -1, "captcha_seen": -1, "error": false}
688, crashlytics.com, {"resolved": false, "login": -1, "username": -1, "password": -1, "attempted_logins": -1, "captcha_seen": -1, "error": false}
689, geocities.com, {"resolved": false, "login": -1, "username": -1, "password": -1, "attempted_logins": -1, "captcha_seen": -1, "error": false}
690, lenta.ru, {"resolved": false, "login": -1, "username": -1, "password": -1, "attempted_logins": -1, "captcha_seen": -1, "error": false}
691, quantserve.com, {"resolved": false, "login": -1, "username": -1, "password": -1, "attempted_logins": -1, "captcha_seen": -1, "error": false}
692, namecheap.com, {"resolved": false, "login": -1, "username": -1, "password": -1, "attempted_logins": -1, "captcha_seen": -1, "error": false}
